ATAC_count	Gene_Name	Mean_Gene_Expression
0	A1BG	666.0
0	A1CF	43.0
0	A2M	494.0
0	A2ML1	89.5
0	AAAS	2411.0
0	AADAT	28.25
0	AAK1	6141.0
0	AAMDC	628.75
0	AATF	4504.5
0	ABAT	605.5
0	ABCA12	4.75
0	ABCA13	165.75
0	ABCB1	139.0
0	ABCB11	92.0
0	ABCB5	772.75
0	ABCB6	221.25
0	ABCC11	55.5
0	ABCC2	151.25
0	ABCC3	185.0
0	ABCC5	479.75
0	ABCC9	981.75
0	ABHD12	245.5
0	ABHD6	111.75
0	ABI3BP	64.75
0	ABL1	1031.25
0	ABRA	46.25
0	ABT1	295.5
0	ACAA1	573.75
0	ACACB	1657.5
0	ACAD11	433.75
0	ACADM	717.25
0	ACAP1	2491.75
0	ACAP2	3820.25
0	ACAT2	496.5
0	ACCS	164.25
0	ACD	778.25
0	ACER2	56.5
0	ACKR3	110.5
0	ACKR4	29.75
0	ACMSD	9.75
0	ACOT2	229.0
0	ACOX1	777.75
0	ACRV1	44.5
0	ACSL1	851.5
0	ACSL6	941.0
0	ACSM1	2.75
0	ACSM2B	80.0
0	ACSM3	78.0
0	ACSM5	4.25
0	ACSM6	12.25
0	ACSS1	653.25
0	ACSS3	47.25
0	ACTG2	216.75
0	ACTR1B	2087.25
0	ACTR6	287.5
0	ACVR1B	589.5
0	ACVR1C	243.5
0	ACVR2A	391.75
0	ADAM17	1820.5
0	ADAM21	3.5
0	ADAM22	282.0
0	ADAM23	92.0
0	ADAM28	18.75
0	ADAM32	850.25
0	ADAMTS8	3.75
0	ADAMTS9	17.5
0	ADARB2	112.5
0	ADAT1	570.75
0	ADCK2	186.5
0	ADCY10	2.75
0	ADCY2	380.25
0	ADCY9	571.0
0	ADCYAP1R1	2.0
0	ADD1	3684.25
0	ADGB	97.0
0	ADGRA3	814.75
0	ADGRD1	51.75
0	ADGRF1	448.75
0	ADGRG1	331.25
0	ADGRG2	597.75
0	ADGRG6	12.25
0	ADGRL2	0.25
0	ADGRV1	2033.75
0	ADH1B	101.25
0	ADH4	168.75
0	ADH6	14.25
0	ADH7	3.25
0	ADHFE1	156.0
0	ADK	460.0
0	ADNP2	1887.5
0	ADORA2A	342.75
0	ADPRHL1	88.25
0	ADPRM	117.25
0	ADRB3	21.25
0	ADRM1	1947.5
0	ADTRP	442.0
0	AEBP2	2602.0
0	AFAP1L1	11.0
0	AFF4	3690.75
0	AFG3L2	756.5
0	AFMID	1871.25
0	AFTPH	2607.25
0	AGAP1	81.5
0	AGAP2	1748.75
0	AGBL1	42.75
0	AGBL4	76.75
0	AGBL5	388.25
0	AGMO	187.5
0	AGPAT4	373.75
0	AHCYL1	2690.5
0	AHI1	599.5
0	AHSA1	2324.5
0	AICDA	153.75
0	AIG1	342.75
0	AIM2	551.5
0	AKAP1	1117.75
0	AKAP10	722.75
0	AKAP17A	606.0
0	AKAP5	789.25
0	AKAP7	524.25
0	AKIRIN1	1812.0
0	AKR1B1	1954.25
0	AKR1C3	6.75
0	AKR1D1	242.75
0	AKT2	4485.25
0	AKT3	1921.25
0	ALCAM	527.5
0	ALDH1L2	159.5
0	ALDH3A2	763.0
0	ALDH7A1	1767.75
0	ALDH8A1	105.75
0	ALDOC	287.25
0	ALG10B	713.75
0	ALG11	1456.5
0	ALG3	1944.25
0	ALG5	201.25
0	ALG6	257.25
0	ALG8	1014.75
0	ALK	128.75
0	ALKBH1	183.0
0	ALKBH2	550.0
0	ALKBH3	177.5
0	ALKBH7	44.0
0	ALOXE3	5.0
0	ALPK1	686.5
0	ALS2	571.0
0	AMER1	101.5
0	AMER2	55.0
0	AMER3	48.0
0	AMMECR1	513.5
0	AMOT	74.5
0	AMPD2	410.75
0	AMPD3	621.0
0	ANAPC10	93.25
0	ANAPC5	3688.75
0	ANGPT1	61.25
0	ANGPTL1	22.75
0	ANGPTL3	1.5
0	ANGPTL5	1.0
0	ANGPTL7	98.25
0	ANK1	350.75
0	ANK2	0.75
0	ANK3	2788.25
0	ANKAR	83.0
0	ANKFN1	2.75
0	ANKFY1	2183.25
0	ANKHD1	3823.5
0	ANKMY1	604.5
0	ANKRD10	1164.5
0	ANKRD24	30.5
0	ANKRD26	285.0
0	ANKRD39	464.0
0	ANKRD40	2902.75
0	ANKRD46	555.5
0	ANKRD49	360.5
0	ANKRD55	335.5
0	ANKRD61	82.25
0	ANKRD7	7.75
0	ANKS1B	100.25
0	ANKS4B	401.5
0	ANLN	63.75
0	ANO10	210.25
0	ANO2	2.75
0	ANP32A	15270.5
0	ANTXR1	1.5
0	ANXA11	2283.75
0	ANXA13	150.5
0	ANXA2	1739.5
0	ANXA3	104.75
0	ANXA5	1438.0
0	AOAH	274.75
0	AOC1	13.75
0	AP001258.1	4.0
0	AP1B1	1317.75
0	AP1G1	4830.5
0	AP1S2	313.25
0	AP1S3	1380.5
0	AP2B1	3628.75
0	AP3B1	1940.5
0	AP4S1	1114.25
0	APBA2	802.75
0	APBB1	703.5
0	APBB2	221.75
0	APC	900.0
0	APEH	1305.5
0	APELA	35.25
0	APEX2	583.75
0	API5	6112.0
0	APOB	6.75
0	APOBEC3A	709.75
0	APOD	13.25
0	APOL3	1834.25
0	APOOL	1100.75
0	APP	3418.25
0	APTX	934.5
0	AQP11	87.0
0	ARAP1	1538.75
0	ARAP3	60.75
0	AREL1	3526.5
0	ARF5	97.75
0	ARFGAP2	977.0
0	ARFIP1	324.5
0	ARG1	126.5
0	ARGFX	6.0
0	ARGLU1	3322.5
0	ARHGAP1	2825.25
0	ARHGAP12	420.0
0	ARHGAP18	131.75
0	ARHGAP21	1468.25
0	ARHGAP24	1.0
0	ARHGAP25	4519.25
0	ARHGAP26	1518.0
0	ARHGAP27	1379.0
0	ARHGAP28	860.75
0	ARHGAP32	330.75
0	ARHGAP4	924.75
0	ARHGAP44	73.0
0	ARHGAP6	2.75
0	ARHGEF1	8851.0
0	ARHGEF11	374.25
0	ARHGEF18	2909.25
0	ARHGEF2	2474.5
0	ARHGEF25	5.5
0	ARHGEF26	98.75
0	ARHGEF38	184.25
0	ARHGEF4	180.5
0	ARHGEF9	724.0
0	ARID4A	919.5
0	ARID5A	782.5
0	ARL10	1631.25
0	ARL4A	181.25
0	ARL5A	957.0
0	ARL6IP4	942.0
0	ARMC10	2719.75
0	ARMC4	9.5
0	ARMC5	570.0
0	ARMC9	217.25
0	ARMCX5	187.75
0	ARMCX6	284.0
0	ARNT2	145.0
0	ARNTL2	1255.25
0	ARPC3	581.25
0	ARSB	990.0
0	ARSF	13.75
0	ART3	491.25
0	AS3MT	733.25
0	ASAH2	145.25
0	ASAP3	56.25
0	ASB11	85.0
0	ASB14	80.5
0	ASB15	14.5
0	ASB18	166.75
0	ASB2	135.25
0	ASB9	4.5
0	ASCC3	3797.0
0	ASNS	1581.5
0	ASPA	309.75
0	ASTN2	5593.5
0	ASXL1	3958.5
0	ASXL3	3.25
0	ASZ1	182.0
0	ATAD1	1328.5
0	ATAT1	400.0
0	ATF1	1400.25
0	ATF2	4241.5
0	ATF4	4483.0
0	ATF6	1972.5
0	ATG101	229.25
0	ATG4A	197.5
0	ATG9A	1521.0
0	ATIC	2925.75
0	ATMIN	2029.75
0	ATOX1	331.5
0	ATP10B	185.5
0	ATP11C	682.25
0	ATP13A3	4404.5
0	ATP13A4	35.75
0	ATP1A3	113.75
0	ATP1B2	62.75
0	ATP2A1	47.5
0	ATP2A2	6482.5
0	ATP2B1	1391.0
0	ATP2C1	955.5
0	ATP6V0A1	1405.25
0	ATP6V0D2	119.0
0	ATP6V0E1	1709.75
0	ATP6V0E2	471.25
0	ATP6V1A	6476.25
0	ATP6V1B1	3.75
0	ATP8A2	57.75
0	ATP9A	85.0
0	ATRNL1	21.5
0	ATRX	2249.5
0	ATXN2L	5634.25
0	ATXN7	13587.5
0	ATXN7L3B	3132.5
0	AURKB	31.5
0	AURKC	25.25
0	AVIL	267.75
0	AXIN2	358.75
0	AZIN1	1140.25
0	AZIN2	136.5
0	B3GALNT1	96.0
0	B3GALT1	139.75
0	B3GALT5	33.0
0	B3GLCT	64.0
0	B3GNT2	492.0
0	B3GNT8	6.0
0	B4GALNT3	81.5
0	B4GALT3	689.25
0	B4GALT6	68.25
0	BAAT	2.75
0	BAG3	530.25
0	BAIAP2L1	120.0
0	BAMBI	2.0
0	BANK1	46.5
0	BARD1	402.25
0	BATF	588.0
0	BAZ2A	6223.5
0	BBS12	26.0
0	BBX	1152.25
0	BCAP29	422.0
0	BCAR3	123.5
0	BCAS2	1088.25
0	BCAT1	270.0
0	BCL2L10	5.5
0	BCL2L13	1203.5
0	BCL2L2	30.0
0	BCL7B	1138.5
0	BCL9	2071.75
0	BCL9L	12424.5
0	BCO2	170.0
0	BCOR	3628.75
0	BCS1L	457.0
0	BDH2	90.0
0	BDKRB1	39.75
0	BDNF	8.75
0	BDP1	3254.5
0	BEND3	345.75
0	BEND5	10.75
0	BEND6	25.5
0	BEND7	70.0
0	BEST3	29.0
0	BEX1	31.0
0	BFAR	2018.25
0	BFSP2	8.0
0	BHMT	24.25
0	BICC1	0.5
0	BIRC5	413.5
0	BLCAP	1257.25
0	BLNK	5.75
0	BLOC1S2	647.25
0	BLOC1S6	31199.0
0	BMP4	4.5
0	BMPER	54.0
0	BMPR1B	8.25
0	BMPR2	826.75
0	BMX	0.75
0	BNC2	31.75
0	BNIP1	63.25
0	BNIP2	3431.5
0	BNIPL	187.0
0	BOD1L1	5993.25
0	BOLA1	44.5
0	BORCS6	20.25
0	BORCS7	1975.25
0	BPGM	179.5
0	BPTF	12220.0
0	BRAF	2512.5
0	BRCA1	876.75
0	BRD1	1632.0
0	BRD8	1337.0
0	BRDT	97.5
0	BRIP1	445.0
0	BRIX1	841.0
0	BRMS1	470.5
0	BRPF1	1060.25
0	BRPF3	1477.25
0	BRSK1	20.25
0	BSCL2	96.0
0	BSG	3355.0
0	BTBD10	312.75
0	BTBD11	350.75
0	BTBD18	192.75
0	BTBD3	172.75
0	BTBD8	119.5
0	BTBD9	1456.0
0	BTF3	1231.75
0	BTF3L4	2109.25
0	BTG1	2294.25
0	BTK	52.75
0	BTN2A1	603.0
0	BUB1	525.5
0	BUD13	554.25
0	BVES	236.5
0	BZW1	4586.5
0	BZW2	1276.0
0	C10orf71	1.75
0	C10orf90	0.5
0	C11orf1	329.0
0	C11orf24	732.0
0	C11orf58	2277.25
0	C12orf10	767.5
0	C12orf29	569.25
0	C12orf54	2.25
0	C12orf57	475.5
0	C12orf65	2381.75
0	C12orf66	514.25
0	C12orf71	16.25
0	C14orf119	410.0
0	C14orf28	8.25
0	C15orf39	1697.5
0	C15orf41	533.25
0	C16orf46	1.75
0	C16orf74	54.75
0	C16orf87	671.5
0	C17orf78	5.5
0	C17orf98	6.0
0	C18orf21	734.25
0	C18orf25	2158.25
0	C18orf32	502.0
0	C19orf12	646.5
0	C19orf18	3.25
0	C19orf48	1001.25
0	C19orf57	53.5
0	C1D	364.75
0	C1orf100	25.75
0	C1orf116	3.25
0	C1orf158	110.75
0	C1orf174	1514.5
0	C1orf194	3.5
0	C1orf198	127.5
0	C1orf216	276.75
0	C1orf54	32.25
0	C1orf74	116.75
0	C1QL3	40.75
0	C1QTNF1	6.25
0	C1QTNF2	45.0
0	C1QTNF3	114.25
0	C1QTNF9B	1.25
0	C1S	67.25
0	C2	282.0
0	C21orf62	4.5
0	C2CD5	1483.25
0	C2orf42	357.5
0	C2orf69	337.5
0	C2orf80	35.25
0	C3orf14	25.5
0	C3orf20	9.5
0	C3orf62	815.25
0	C3orf67	119.25
0	C4BPA	10.5
0	C4orf17	8.0
0	C4orf19	138.75
0	C4orf45	1.25
0	C6orf136	248.75
0	C6orf141	271.25
0	C6orf47	423.0
0	C7	92.75
0	C7orf26	818.0
0	C7orf31	100.25
0	C7orf61	21.0
0	C8orf34	632.0
0	C8orf44	287.5
0	C8orf44-SGK3	6.0
0	C9orf131	142.0
0	C9orf152	2.25
0	C9orf24	34.5
0	CA1	43.75
0	CA3	0.25
0	CA8	15.25
0	CABYR	159.0
0	CACHD1	129.25
0	CACNA1D	326.0
0	CACNA1H	52.0
0	CACNB2	419.75
0	CACNB4	321.75
0	CACUL1	1843.5
0	CADPS	319.0
0	CALCOCO2	2639.75
0	CALCRL	275.0
0	CALD1	80.25
0	CALN1	79.75
0	CAMTA1	256.75
0	CAMTA2	1745.5
0	CANX	38732.0
0	CAP2	2.0
0	CAPG	73.75
0	CAPN14	15.25
0	CAPN2	2451.75
0	CAPN8	6.0
0	CAPS2	188.25
0	CAPSL	1.5
0	CARD18	63.0
0	CARD8	2802.25
0	CARNS1	264.25
0	CASP2	5591.75
0	CASP8AP2	781.75
0	CATSPERB	281.75
0	CAV1	1.5
0	CAV3	4.25
0	CBLB	2504.5
0	CBR4	476.0
0	CBX3	2089.75
0	CBX5	9723.0
0	CC2D2B	52.75
0	CCDC106	19.25
0	CCDC130	578.5
0	CCDC136	175.0
0	CCDC138	258.25
0	CCDC14	1734.25
0	CCDC141	821.25
0	CCDC146	82.0
0	CCDC15	63.75
0	CCDC150	458.25
0	CCDC153	52.0
0	CCDC158	311.0
0	CCDC171	284.5
0	CCDC172	3.25
0	CCDC174	627.5
0	CCDC18	165.0
0	CCDC180	857.0
0	CCDC181	13.0
0	CCDC186	1858.75
0	CCDC192	9.5
0	CCDC28A	140.75
0	CCDC28B	236.0
0	CCDC33	0.25
0	CCDC34	408.75
0	CCDC58	190.25
0	CCDC68	0.5
0	CCDC71	109.25
0	CCDC77	160.5
0	CCDC81	222.75
0	CCDC88A	2378.25
0	CCDC9	549.5
0	CCDC90B	2346.5
0	CCDC91	2234.5
0	CCHCR1	120.75
0	CCL15	14.75
0	CCL16	479.5
0	CCL2	4.5
0	CCL3L3	380.75
0	CCL4	4073.5
0	CCL4L2	425.0
0	CCL5	8313.5
0	CCNE1	143.0
0	CCNI	4186.75
0	CCNJL	345.25
0	CCNT1	1542.0
0	CCNYL1	1029.75
0	CCPG1	2031.75
0	CCR7	5360.75
0	CCR8	42.5
0	CCRL2	40.0
0	CCT3	4821.5
0	CD109	894.75
0	CD14	23.75
0	CD180	69.5
0	CD200	1146.75
0	CD247	2047.75
0	CD274	1564.5
0	CD276	52.0
0	CD300A	154.0
0	CD300E	64.5
0	CD300LB	4.75
0	CD300LD	39.25
0	CD320	608.25
0	CD36	172.75
0	CD38	947.0
0	CD47	5966.75
0	CD52	1138.75
0	CD6	4673.25
0	CD68	940.0
0	CD72	83.25
0	CD80	48.5
0	CD86	16.25
0	CD8A	29.75
0	CD9	4.5
0	CD93	85.5
0	CD99L2	213.0
0	CDC123	3374.5
0	CDC16	1427.75
0	CDC25C	5.25
0	CDC42BPA	50.0
0	CDC42EP3	960.75
0	CDCA4	446.75
0	CDCA7	810.0
0	CDCA7L	1410.25
0	CDH10	23.75
0	CDH11	3.5
0	CDH16	2.5
0	CDH18	207.25
0	CDH4	7.0
0	CDH6	103.75
0	CDH8	128.25
0	CDH9	26.0
0	CDHR3	330.5
0	CDHR4	113.5
0	CDK1	104.75
0	CDK14	61.25
0	CDK16	1558.75
0	CDK4	2197.0
0	CDK8	571.75
0	CDKAL1	968.25
0	CDKL5	4410.5
0	CDKN1A	921.25
0	CDKN2AIPNL	289.25
0	CDPF1	94.5
0	CDRT4	92.0
0	CDV3	8073.0
0	CEACAM1	552.75
0	CEBPD	21.0
0	CEBPG	1099.25
0	CELA2A	100.5
0	CELA2B	2.0
0	CELF1	4989.75
0	CELF4	32.5
0	CEMP1	19.0
0	CENPF	327.5
0	CENPH	593.5
0	CENPI	202.75
0	CENPP	367.5
0	CENPT	666.0
0	CENPW	50.0
0	CEP112	1104.0
0	CEP126	503.0
0	CEP131	149.0
0	CEP162	86.5
0	CEP170	1289.5
0	CEP170B	127.0
0	CEP350	2346.0
0	CEP57	1021.0
0	CEP57L1	238.5
0	CEP63	1176.5
0	CEP68	1046.0
0	CEP76	608.0
0	CEP85	650.5
0	CERS2	3628.5
0	CES3	226.0
0	CETN3	97.25
0	CFAP206	25.25
0	CFAP221	405.25
0	CFAP36	766.75
0	CFAP43	1.75
0	CFAP44	284.25
0	CFAP69	713.75
0	CFAP77	2.5
0	CFB	136.0
0	CFH	35.75
0	CFL2	783.25
0	CFTR	18.25
0	CGGBP1	1169.25
0	CGN	28.0
0	CGRRF1	102.25
0	CHAC2	291.75
0	CHAF1A	1053.25
0	CHAF1B	1388.25
0	CHAT	4.25
0	CHCHD2	1483.0
0	CHCHD3	592.75
0	CHCHD6	64.75
0	CHD2	11724.75
0	CHD3	23592.5
0	CHD7	4382.5
0	CHDH	194.75
0	CHEK2	1107.75
0	CHI3L2	121.75
0	CHIT1	24.75
0	CHMP2A	1921.5
0	CHMP4A	896.5
0	CHN2	140.75
0	CHORDC1	9541.25
0	CHST10	202.5
0	CHST15	17.75
0	CHST9	41.0
0	CHTOP	4719.75
0	CIB2	21.5
0	CIPC	585.75
0	CIT	385.0
0	CKAP5	1426.0
0	CLASP2	2176.5
0	CLC	74.5
0	CLCC1	2807.0
0	CLCN2	451.0
0	CLCN3	1264.25
0	CLCN4	4.5
0	CLCN5	315.0
0	CLDN11	187.5
0	CLDN12	116.25
0	CLDN14	3.0
0	CLDN15	170.25
0	CLDN16	52.5
0	CLDN18	30.5
0	CLDND2	46.0
0	CLEC1B	0.25
0	CLEC2A	0.75
0	CLEC2D	6874.25
0	CLEC3A	64.25
0	CLEC3B	6.25
0	CLEC7A	528.0
0	CLIC2	26.75
0	CLIC4	192.0
0	CLIC5	336.0
0	CLINT1	5665.5
0	CLIP2	197.5
0	CLK2	1622.25
0	CLK3	1712.5
0	CLK4	1296.25
0	CLNS1A	1313.0
0	CLOCK	1085.75
0	CLPTM1L	3937.0
0	CLPX	1959.0
0	CLRN1	3.75
0	CLSTN1	1937.5
0	CLUAP1	772.75
0	CLUH	3488.0
0	CLVS1	93.0
0	CLYBL	62.0
0	CMSS1	1999.0
0	CMTM4	102.75
0	CMTM6	789.25
0	CMTR1	837.0
0	CMTR2	282.5
0	CNBD2	158.75
0	CNBP	3555.25
0	CNGA1	70.5
0	CNGB3	3.75
0	CNIH4	386.75
0	CNNM1	80.25
0	CNNM3	628.25
0	CNOT1	5543.5
0	CNOT10	811.25
0	CNOT3	2894.0
0	CNTD2	17.5
0	CNTN1	37.0
0	CNTN4	13.5
0	CNTNAP2	165.25
0	CNTNAP5	8.25
0	COA6	317.5
0	COBLL1	177.5
0	COG2	836.25
0	COL10A1	422.5
0	COL16A1	4.25
0	COL19A1	88.75
0	COL1A1	149.25
0	COL23A1	17.25
0	COL3A1	0.5
0	COL4A2	30.0
0	COL4A6	0.25
0	COL5A2	1.75
0	COL8A2	16.25
0	COL9A1	219.5
0	COLEC12	1107.0
0	COLGALT2	74.75
0	COLQ	186.75
0	COMMD1	215.0
0	COMMD10	177.75
0	COMMD2	793.0
0	COPB1	2313.5
0	COPG1	2543.0
0	COPG2	485.25
0	COPS3	1025.25
0	COPS7B	1714.75
0	COPS8	480.75
0	COQ10B	1269.75
0	COQ7	133.0
0	CORT	4.25
0	COTL1	2777.25
0	COX16	334.5
0	COX17	320.75
0	COX18	970.5
0	COX5A	1398.5
0	COX5B	375.5
0	COX6C	635.5
0	COX7A2L	371.0
0	COX7C	2935.75
0	CPA3	12.25
0	CPA4	182.25
0	CPB1	17.5
0	CPEB3	210.0
0	CPED1	29.5
0	CPLX2	34.0
0	CPLX4	5.5
0	CPM	636.0
0	CPNE1	2968.5
0	CPNE3	576.0
0	CPNE9	4.5
0	CPO	1.0
0	CPS1	201.75
0	CPSF2	2347.5
0	CPT1B	337.5
0	CPT2	567.75
0	CPVL	3.75
0	CR1	615.5
0	CR2	25.5
0	CRB1	19.75
0	CRB2	78.75
0	CRBN	1267.75
0	CREB5	20.25
0	CRISPLD1	2.5
0	CRLS1	368.75
0	CROCC	844.5
0	CROT	120.25
0	CRTC2	4050.25
0	CRX	742.5
0	CSDC2	9.0
0	CSGALNACT2	804.5
0	CSMD1	17.0
0	CSMD2	86.0
0	CSMD3	236.75
0	CSNK1G1	1719.5
0	CSNK1G3	940.5
0	CSNK2A1	5558.75
0	CSNK2A2	6113.25
0	CSNK2A3	5.0
0	CSRNP2	668.75
0	CSRNP3	9.0
0	CSTF1	1237.75
0	CSTF3	3142.25
0	CTBP2	293.0
0	CTC1	1975.5
0	CTCFL	358.5
0	CTNNA1	452.75
0	CTNNA2	33.0
0	CTNNAL1	30.5
0	CTNNBIP1	30.25
0	CTNND1	271.5
0	CTNND2	7.25
0	CTNS	278.75
0	CTPS2	81.5
0	CTSV	151.5
0	CTTNBP2NL	123.75
0	CTU1	47.0
0	CUL2	986.75
0	CUL5	701.0
0	CUZD1	17.25
0	CWC22	830.75
0	CWF19L2	1166.75
0	CX3CR1	48.75
0	CXCL10	19.75
0	CXCL11	9.0
0	CXCL8	8.5
0	CXCR2	52.25
0	CXCR4	8612.75
0	CXorf21	89.75
0	CXXC1	853.0
0	CYB561	253.25
0	CYB5R3	4577.75
0	CYFIP1	246.5
0	CYGB	7.0
0	CYLD	5835.0
0	CYP27B1	250.25
0	CYP2C19	97.5
0	CYP2C8	10.0
0	CYP2C9	42.5
0	CYP2E1	46.75
0	CYP3A43	565.5
0	CYP3A5	1980.25
0	CYP51A1	2367.25
0	CYP7B1	1.25
0	CYTH3	104.5
0	CYTIP	4884.25
0	DAAM2	238.5
0	DAB1	11.0
0	DAB2IP	2.0
0	DACH2	39.0
0	DACT1	217.5
0	DAD1	1275.0
0	DAGLA	32.0
0	DAND5	675.75
0	DAP	681.0
0	DAP3	1382.0
0	DAPK1	99.75
0	DAPK2	523.5
0	DAPL1	78.0
0	DAPP1	821.5
0	DAW1	75.75
0	DAZAP2	2872.0
0	DBP	493.75
0	DBT	2254.25
0	DCAF13	1270.25
0	DCAF17	682.5
0	DCAF4	344.5
0	DCAF8L2	2.25
0	DCBLD2	120.75
0	DCDC2	74.75
0	DCHS2	63.25
0	DCLK1	30.75
0	DCLK2	16.5
0	DCLRE1C	579.25
0	DCN	133.25
0	DCP1B	796.75
0	DCT	6.0
0	DCTD	648.0
0	DCTN1	1509.0
0	DCUN1D1	2290.25
0	DCUN1D2	983.75
0	DCUN1D4	1153.5
0	DCX	32.75
0	DDOST	2046.75
0	DDR1	117.75
0	DDR2	53.75
0	DDX27	1558.0
0	DDX3X	25454.5
0	DDX3Y	2233.25
0	DDX4	7.0
0	DDX50	703.25
0	DDX58	355.5
0	DEDD	902.0
0	DEFA3	17.0
0	DEGS1	2239.0
0	DENND1A	450.5
0	DENND2A	342.75
0	DENND2C	312.5
0	DENND4A	1368.5
0	DENND5B	115.25
0	DEPDC4	322.0
0	DEPDC5	2702.75
0	DEPTOR	49.0
0	DERA	104.75
0	DERL2	405.75
0	DGKB	184.5
0	DGKD	2448.0
0	DGKQ	173.5
0	DGKZ	1511.25
0	DHCR24	867.0
0	DHCR7	298.0
0	DHH	28.0
0	DHRS7	770.75
0	DHRS9	88.25
0	DHX16	1388.25
0	DHX32	322.5
0	DHX36	1302.5
0	DHX57	915.5
0	DIABLO	1424.25
0	DIAPH3	656.0
0	DIO2	37.75
0	DIRAS2	388.5
0	DIS3L	1116.25
0	DIS3L2	1296.25
0	DLC1	115.75
0	DLD	1432.25
0	DLEU7	27.25
0	DLG2	34.5
0	DLG3	344.75
0	DLG4	574.5
0	DLGAP1	46.75
0	DLGAP5	64.0
0	DLK2	217.5
0	DMC1	1423.25
0	DMD	897.5
0	DMTN	382.0
0	DMXL2	321.25
0	DNA2	305.0
0	DNAAF3	6.0
0	DNAH11	92.0
0	DNAH12	53.75
0	DNAH14	361.0
0	DNAH3	139.25
0	DNAH5	1.0
0	DNAH6	42.75
0	DNAH7	162.25
0	DNAH8	9.75
0	DNAJA2	3502.75
0	DNAJA4	870.25
0	DNAJB1	1673.75
0	DNAJB13	95.25
0	DNAJB5	100.25
0	DNAJB7	126.0
0	DNAJC10	3276.25
0	DNAJC12	51.75
0	DNAJC19	2170.5
0	DNAJC21	1596.25
0	DNAJC27	103.25
0	DNAJC28	54.75
0	DNAJC6	113.25
0	DNAJC8	1235.0
0	DNAJC9	735.0
0	DNMBP	149.5
0	DOCK1	55.0
0	DOCK10	15149.5
0	DOCK11	729.25
0	DOCK4	66.75
0	DOCK5	2971.25
0	DOCK7	3283.5
0	DOCK9	1854.25
0	DOK4	84.0
0	DONSON	445.25
0	DPAGT1	885.5
0	DPF3	22.0
0	DPH2	838.25
0	DPM1	169.0
0	DPP10	25.0
0	DPP8	1535.0
0	DPY19L1	287.5
0	DPY19L4	775.75
0	DPY30	378.0
0	DQX1	132.0
0	DRD3	4.0
0	DRG1	1079.5
0	DSC1	64.0
0	DSEL	143.25
0	DSG3	212.75
0	DST	1579.5
0	DTD2	1155.0
0	DTNA	168.75
0	DTNBP1	546.5
0	DTWD2	668.5
0	DTX1	269.25
0	DTX4	9.75
0	DUS2	261.5
0	DUS3L	513.0
0	DUSP19	674.5
0	DUXA	18.0
0	DUXB	20.5
0	DYNC1I1	22.75
0	DYNC1LI2	1093.25
0	DYRK1B	80.25
0	E2F1	459.25
0	E2F5	696.25
0	E2F8	31.5
0	EAF2	54.25
0	EBF1	1.0
0	EBP	230.75
0	ECHDC1	1326.75
0	ECHDC3	11.0
0	ECI2	393.25
0	ECM2	190.75
0	ECT2	612.25
0	ECT2L	12.5
0	EDA	60.25
0	EDEM3	1530.5
0	EDRF1	835.75
0	EEA1	913.5
0	EEF1E1	424.0
0	EEF2K	1276.25
0	EFCAB1	3.5
0	EFCAB12	220.25
0	EFCAB2	452.75
0	EFCAB3	47.5
0	EFHD2	1247.0
0	EGF	9.75
0	EGLN1	546.25
0	EGLN2	1441.5
0	EGR2	5327.0
0	EHBP1	947.0
0	EHMT2	1815.75
0	EID1	5153.25
0	EID2B	92.25
0	EIF2A	1444.25
0	EIF2AK2	1374.0
0	EIF2AK4	599.25
0	EIF2S1	3288.75
0	EIF2S3	5163.25
0	EIF3D	2328.0
0	EIF3H	2957.0
0	EIF3L	3780.0
0	EIF3M	2060.75
0	EIF4A1	5939.0
0	EIF4A2	13987.0
0	EIF4G1	14498.0
0	EIF4G3	4249.5
0	EIF5	2677.0
0	EIF5A2	631.75
0	ELAVL2	51.25
0	ELF2	2305.5
0	ELF3	102.25
0	ELF5	79.75
0	ELL3	37.0
0	ELMOD2	103.5
0	ELMOD3	968.75
0	ELOVL4	63.25
0	ELOVL6	487.75
0	ELOVL7	172.25
0	ELP2	1189.75
0	ELP3	1207.25
0	EMB	3511.5
0	EMC7	1035.25
0	EMC9	119.75
0	EMCN	87.75
0	EML5	186.0
0	EML6	202.5
0	ENAH	663.0
0	ENC1	76.25
0	ENKUR	4.75
0	ENO1	6789.75
0	ENPP4	258.25
0	ENPP5	27.0
0	ENPP6	95.75
0	ENTPD3	10.5
0	EPB41	18583.25
0	EPB41L3	154.25
0	EPM2AIP1	604.25
0	EPN2	311.75
0	EPPIN	134.5
0	ERC2	4.25
0	ERCC3	750.75
0	EREG	563.25
0	ERG	8.5
0	ERI3	313.0
0	ERICH4	5.0
0	ERLIN1	1205.5
0	ERMAP	629.75
0	ERO1B	176.0
0	ERRFI1	135.75
0	ESAM	38.25
0	ESR1	228.75
0	ESRP1	43.5
0	ESRP2	407.75
0	ESRRG	47.0
0	ETAA1	368.75
0	ETNK1	4012.25
0	ETV1	0.5
0	ETV5	31.75
0	EVI5	1032.0
0	EXO1	588.0
0	EXOC3L1	2.0
0	EXOC6	579.0
0	EXOG	477.5
0	EXOSC8	954.75
0	EXOSC9	686.25
0	EXT2	562.25
0	EYA1	170.5
0	EYS	939.25
0	F3	252.0
0	FAAH2	384.75
0	FAAP100	311.5
0	FABP2	113.0
0	FABP7	37.25
0	FADD	359.25
0	FAH	298.75
0	FAIM	384.25
0	FAM117B	2409.25
0	FAM118B	627.75
0	FAM120AOS	2137.0
0	FAM131A	299.75
0	FAM135A	561.5
0	FAM135B	16.0
0	FAM13A	10735.25
0	FAM13C	4.25
0	FAM155A	46.25
0	FAM160A1	7.5
0	FAM162A	274.5
0	FAM166B	4.75
0	FAM168B	3408.0
0	FAM177A1	1701.5
0	FAM177B	6.0
0	FAM180B	203.0
0	FAM186B	117.0
0	FAM189A2	2.25
0	FAM204A	1121.5
0	FAM209A	10.75
0	FAM209B	11.25
0	FAM20B	991.25
0	FAM217B	728.75
0	FAM218A	12.75
0	FAM220A	112.0
0	FAM228A	6.75
0	FAM24B	57.25
0	FAM3C	848.75
0	FAM47E-STBD1	55.5
0	FAM50A	847.75
0	FAM53A	14.5
0	FAM76B	520.5
0	FAM78A	1670.5
0	FAM78B	7.25
0	FAM81A	8.0
0	FAM81B	3.25
0	FAM83A	16.25
0	FAM8A1	306.5
0	FAM98A	1608.0
0	FAM98B	1208.25
0	FANCB	29.0
0	FANCC	812.0
0	FANCD2	2178.5
0	FANCM	416.75
0	FANK1	57.0
0	FARP1	869.25
0	FARP2	1271.75
0	FARS2	156.0
0	FASTKD2	518.25
0	FAT1	18.0
0	FAT4	0.75
0	FAU	4831.25
0	FAXC	396.25
0	FAXDC2	444.5
0	FBF1	140.5
0	FBLIM1	1021.0
0	FBP1	6.0
0	FBRS	2530.0
0	FBXL20	3640.5
0	FBXL22	74.25
0	FBXO11	1389.0
0	FBXO15	363.5
0	FBXO24	145.75
0	FBXO28	768.25
0	FBXO30	617.75
0	FBXO31	1000.5
0	FBXO40	102.5
0	FBXO42	461.0
0	FBXO43	191.0
0	FBXO7	1825.75
0	FBXW7	2298.25
0	FCER1A	36.5
0	FCGR3A	13.75
0	FCRL1	142.75
0	FCRL2	121.25
0	FCRL3	450.0
0	FCRL5	61.5
0	FCRLA	3.0
0	FCRLB	2.25
0	FDPS	1369.5
0	FEM1B	1945.0
0	FERMT1	5.5
0	FERMT2	178.0
0	FES	34.75
0	FEZ2	522.5
0	FFAR4	82.0
0	FGD2	232.5
0	FGF1	10.25
0	FGF9	90.0
0	FGFBP3	60.25
0	FGFR1	337.25
0	FGFR2	64.75
0	FGFR4	25.5
0	FGL2	268.5
0	FHDC1	59.25
0	FHIT	898.25
0	FHL1	250.0
0	FHOD3	15.75
0	FILIP1	104.0
0	FILIP1L	576.25
0	FITM1	23.25
0	FKBPL	15.25
0	FKRP	350.5
0	FKTN	518.0
0	FLG2	35.5
0	FLVCR1	1535.5
0	FLVCR2	121.75
0	FMNL2	140.75
0	FMO3	38.75
0	FMO4	41.25
0	FMO5	239.75
0	FN1	494.75
0	FNDC3B	3419.75
0	FNIP2	544.0
0	FNTA	1189.75
0	FOXD2	18.5
0	FOXJ3	8306.75
0	FOXM1	200.5
0	FOXN2	1481.5
0	FOXN3	7711.75
0	FOXP2	33.5
0	FPR2	49.75
0	FRMD5	223.75
0	FRMD6	142.75
0	FRMD7	2.0
0	FRMPD1	95.5
0	FRMPD2	30.5
0	FRS2	1308.75
0	FRY	951.25
0	FSD2	167.0
0	FSIP1	1.75
0	FST	11.75
0	FSTL1	56.0
0	FUCA1	125.0
0	FUNDC1	39.75
0	FUS	11045.25
0	FUT6	136.0
0	FUT9	94.75
0	FXR1	2808.25
0	FXYD5	6079.25
0	FYTTD1	1436.25
0	G3BP1	7862.5
0	G6PC2	7.5
0	GAB1	445.75
0	GABARAPL2	566.0
0	GABPB1	881.5
0	GABRA1	8.5
0	GABRA2	2.0
0	GABRA4	9.25
0	GABRB3	341.25
0	GABRG2	2391.5
0	GABRP	624.0
0	GADD45A	321.25
0	GADD45GIP1	746.5
0	GAL3ST1	11.5
0	GAL3ST4	762.75
0	GALK2	601.0
0	GALM	798.5
0	GALNT11	761.25
0	GALNT13	7.5
0	GALNT16	144.25
0	GALNT2	1043.25
0	GALNT6	412.0
0	GALNT7	909.75
0	GALNT8	22.5
0	GALNT9	94.75
0	GAN	39.25
0	GANC	809.5
0	GAREM1	24.25
0	GART	1595.25
0	GAS2	7.75
0	GAS7	107.25
0	GATA2	207.5
0	GATAD2A	14195.5
0	GATAD2B	14871.0
0	GATB	274.5
0	GBA	661.25
0	GBP5	6802.75
0	GBP7	30.0
0	GCC2	2089.25
0	GCFC2	545.0
0	GCKR	16.25
0	GCLC	1525.75
0	GCM1	45.75
0	GCNT4	301.25
0	GCSAM	194.5
0	GCSAML	96.75
0	GCSH	235.0
0	GDA	491.25
0	GDAP1	605.0
0	GDF5	1.75
0	GDNF	27.5
0	GDPD1	205.75
0	GDPD4	26.25
0	GEM	97.25
0	GFRA1	23.25
0	GFRAL	78.0
0	GGA3	3826.25
0	GGACT	85.75
0	GGNBP2	2462.75
0	GGT1	304.25
0	GIGYF1	1369.75
0	GIGYF2	3633.5
0	GIMAP4	3454.25
0	GIMAP5	3636.75
0	GINM1	806.5
0	GJA1	12.0
0	GJA10	8.75
0	GJB6	31.5
0	GJC1	584.25
0	GJD4	26.0
0	GLCE	217.25
0	GLDN	11.75
0	GLI1	123.5
0	GLI3	1.5
0	GLIS3	90.75
0	GLMP	453.25
0	GLOD4	1901.25
0	GLRA1	93.25
0	GLRA3	194.0
0	GLRX5	206.75
0	GLT8D1	548.25
0	GLUL	545.25
0	GLYATL1	3.5
0	GLYATL2	19.25
0	GLYR1	2037.0
0	GMDS	288.0
0	GMEB2	346.75
0	GMNN	213.5
0	GMPPA	777.0
0	GMPR2	1303.0
0	GNAI1	394.75
0	GNAL	163.0
0	GNAS	12148.0
0	GNB1	4864.25
0	GNB5	1175.0
0	GNG12	0.75
0	GNGT1	49.25
0	GNL2	2881.75
0	GNL3	3666.5
0	GNPDA1	781.5
0	GNPDA2	502.0
0	GNRH1	22.0
0	GNRH2	5.5
0	GNS	875.25
0	GOLGA1	427.0
0	GOLGA4	2841.0
0	GOLGA5	348.0
0	GOLGA7	1586.25
0	GOLGB1	2132.25
0	GOLIM4	206.25
0	GOLM1	374.25
0	GON4L	2735.75
0	GORAB	305.75
0	GP2	237.75
0	GP5	57.25
0	GPANK1	220.25
0	GPATCH3	157.25
0	GPC3	10.25
0	GPCPD1	1034.0
0	GPD1	12.75
0	GPD1L	426.25
0	GPHN	635.25
0	GPLD1	66.0
0	GPM6A	73.25
0	GPM6B	227.5
0	GPN2	989.25
0	GPR1	59.25
0	GPR119	2.75
0	GPR137	252.25
0	GPR15	133.5
0	GPR151	13.0
0	GPR156	4.0
0	GPR161	208.5
0	GPR179	70.25
0	GPR182	25.75
0	GPR3	207.5
0	GPR52	42.75
0	GPR55	252.25
0	GPR65	373.25
0	GPR82	1171.5
0	GPR83	49.5
0	GPR84	4.0
0	GPR85	376.5
0	GPR87	23.25
0	GPSM2	719.25
0	GPX3	242.25
0	GRASP	340.75
0	GRB2	3823.75
0	GREB1	235.75
0	GREB1L	116.5
0	GRHL2	20.0
0	GRIA1	0.75
0	GRIK2	416.0
0	GRIK5	15.0
0	GRIN2B	13.0
0	GRIP1	523.75
0	GRIPAP1	1335.75
0	GRM3	2.75
0	GRPEL1	1219.5
0	GRPEL2	812.0
0	GRWD1	767.0
0	GSAP	246.0
0	GSDMC	68.5
0	GSE1	2469.5
0	GSPT1	3855.0
0	GSTCD	523.25
0	GSTZ1	106.25
0	GTF2A2	398.75
0	GTF2E2	473.5
0	GTF2F1	1849.0
0	GTF2F2	964.75
0	GTF3C1	1416.25
0	GTF3C2	3151.75
0	GTF3C6	465.25
0	GTSF1	190.75
0	GTSF1L	7.25
0	GUCD1	692.25
0	GUF1	2241.5
0	GULP1	233.5
0	GXYLT1	376.25
0	GXYLT2	191.75
0	GYG2	1.5
0	GYS2	0.5
0	HACE1	443.75
0	HAMP	287.0
0	HAS3	72.75
0	HAT1	2064.25
0	HAUS1	353.25
0	HAUS6	1069.75
0	HAVCR2	349.75
0	HBG2	4.75
0	HBP1	3209.5
0	HCLS1	3377.25
0	HDAC2	1429.0
0	HDAC6	844.75
0	HDAC8	863.0
0	HDAC9	106.0
0	HDLBP	4996.25
0	HEATR1	2710.5
0	HEATR5A	493.0
0	HECTD1	3084.0
0	HECTD3	991.25
0	HECW1	135.75
0	HECW2	216.0
0	HEG1	543.5
0	HELLS	2538.25
0	HELZ	3678.5
0	HEMGN	52.0
0	HEPHL1	1.5
0	HERC3	1984.5
0	HERC4	3767.0
0	HESX1	10.5
0	HGD	28.5
0	HHEX	18.0
0	HHIP	99.25
0	HHIPL2	5.5
0	HHLA1	1012.0
0	HIF1A	9895.75
0	HIF1AN	2351.5
0	HIGD1C	0.5
0	HIPK3	2671.5
0	HJURP	253.25
0	HK3	17.0
0	HLA-A	22364.0
0	HLA-DMB	149.75
0	HLA-DOA	255.5
0	HLA-DPB1	512.5
0	HLA-E	9821.25
0	HMCN1	22.0
0	HMGA1	18468.5
0	HMGB2	1027.25
0	HMGB3	163.5
0	HMGCL	493.75
0	HMGCR	1004.0
0	HMGCS1	1623.0
0	HMGN3	71.0
0	HMOX2	653.5
0	HNF4G	9.5
0	HNMT	86.25
0	HNRNPA1L2	585.75
0	HNRNPCL1	0.75
0	HNRNPF	7765.5
0	HOGA1	241.75
0	HOMER1	443.25
0	HOOK2	600.75
0	HOOK3	5126.75
0	HOPX	408.75
0	HOXA2	12.5
0	HOXA3	3.25
0	HOXA7	4.0
0	HOXB4	30.0
0	HOXB9	12.0
0	HPCAL1	1525.5
0	HPGD	131.25
0	HPS6	73.75
0	HRH4	163.0
0	HRNR	26.0
0	HS3ST3B1	605.5
0	HSBP1	424.5
0	HSD17B11	377.25
0	HSD17B12	1969.25
0	HSD17B13	1061.25
0	HSD17B2	241.5
0	HSD17B4	962.25
0	HSDL2	178.25
0	HSP90AB1	44383.75
0	HSPA13	761.0
0	HSPB11	279.75
0	HSPBP1	419.0
0	HSPH1	2324.0
0	HTATIP2	337.75
0	HTN1	338.25
0	HTN3	506.5
0	HTR1F	2.5
0	HTR2A	16.0
0	HTR2B	179.25
0	HTR3B	113.25
0	HTRA4	201.0
0	HUNK	222.0
0	HYAL4	141.75
0	HYI	197.25
0	HYLS1	190.5
0	IAPP	2149.0
0	IBTK	1320.0
0	ID2	2022.0
0	IDE	1525.5
0	IDH3B	1330.75
0	IDH3G	891.5
0	IDNK	264.5
0	IDO1	21.0
0	IDO2	333.75
0	IER3IP1	474.0
0	IER5	502.5
0	IFI16	3264.25
0	IFI44L	229.25
0	IFIT1	190.25
0	IFNW1	3.5
0	IFRD1	867.5
0	IFT122	597.25
0	IFT140	90.75
0	IFT27	250.75
0	IFT57	327.5
0	IGDCC3	59.75
0	IGF1	226.0
0	IGF2	1435.0
0	IGFBP2	103.75
0	IGFBP7	8.5
0	IGFL2	40.0
0	IGFL4	115.5
0	IGFLR1	326.5
0	IGIP	176.0
0	IGSF3	164.0
0	IGSF8	504.75
0	IKBKG	248.25
0	IKZF2	1921.5
0	IKZF3	16682.0
0	IKZF4	861.75
0	IL12RB2	3683.25
0	IL15	567.25
0	IL16	3291.25
0	IL17A	47.5
0	IL17RD	214.0
0	IL18	73.25
0	IL18BP	1701.0
0	IL18RAP	141.25
0	IL19	2.5
0	IL1B	19.0
0	IL1RAP	641.0
0	IL1RN	66.0
0	IL23A	100.75
0	IL26	15.75
0	IL27RA	2039.75
0	IL31RA	1.5
0	IL3RA	159.5
0	IL4	62.0
0	IL4I1	341.75
0	IL5	401.0
0	IL5RA	72.5
0	IL7	15.25
0	ILDR1	19.0
0	ILF3	13214.0
0	IMMP2L	235.5
0	IMMT	2603.75
0	IMPAD1	1740.75
0	IMPDH2	1599.25
0	IMPG2	138.25
0	ING3	426.25
0	INHBA	32.0
0	INHBC	9.25
0	INIP	843.75
0	INMT	234.75
0	INO80D	2564.5
0	INPP4B	11354.25
0	INSC	16.25
0	INSL6	134.5
0	INTS10	1294.0
0	INTS12	238.25
0	INTS2	1402.0
0	INTS7	691.75
0	INTS8	1556.5
0	INTS9	550.0
0	INTU	1613.25
0	IPO5	7057.75
0	IPO9	3597.25
0	IPPK	694.25
0	IQCG	243.75
0	IQCH	65.5
0	IQCJ-SCHIP1	4.25
0	IQGAP3	2.25
0	IRF1	6132.0
0	IRF6	101.5
0	IRGM	87.75
0	ISL1	2.25
0	IST1	2320.5
0	ITGA4	3865.75
0	ITGA7	6.0
0	ITGAE	172.25
0	ITGAL	9171.0
0	ITGAX	201.5
0	ITGB1BP1	442.75
0	ITGB1BP2	80.5
0	ITGB6	0.25
0	ITGB7	3692.25
0	ITGBL1	9.25
0	ITIH1	24.75
0	ITK	8149.25
0	ITM2A	1199.5
0	ITPR2	3720.0
0	ITPR3	1954.0
0	ITPRIP	481.5
0	ITPRIPL1	825.0
0	ITSN2	5048.0
0	IWS1	1568.0
0	IYD	426.75
0	JAK1	7274.5
0	JAK3	4314.0
0	JMJD1C	2153.25
0	JOSD1	2062.5
0	JPH1	0.5
0	JUP	57.0
0	KALRN	330.5
0	KANK1	502.25
0	KANSL1	9039.5
0	KAT6B	5321.5
0	KATNAL2	170.25
0	KATNB1	176.75
0	KAZN	130.5
0	KBTBD2	1741.5
0	KBTBD4	338.5
0	KBTBD6	419.5
0	KCNA1	4.5
0	KCNA3	1603.25
0	KCNAB1	101.5
0	KCNE1	138.5
0	KCNE4	188.0
0	KCNG4	130.25
0	KCNH5	9.5
0	KCNH8	2.5
0	KCNIP4	54.0
0	KCNJ1	53.75
0	KCNJ11	64.75
0	KCNJ16	316.5
0	KCNMA1	35.25
0	KCNMB1	216.25
0	KCNMB2	3.0
0	KCNMB3	105.0
0	KCNMB4	80.25
0	KCNN1	124.0
0	KCNN4	377.75
0	KCNQ4	24.25
0	KCNV2	10.0
0	KCTD1	121.5
0	KCTD15	365.75
0	KCTD20	2186.25
0	KCTD3	77.25
0	KCTD6	368.75
0	KDM1A	1257.5
0	KDM2B	1205.75
0	KDM3B	2265.5
0	KDM4C	1742.5
0	KDSR	916.5
0	KHDC1	338.75
0	KIAA0319L	2312.25
0	KIAA0408	9.25
0	KIAA0556	470.25
0	KIAA0586	759.0
0	KIAA0895	137.75
0	KIAA1109	2243.0
0	KIAA1217	97.0
0	KIAA1328	16559.5
0	KIAA1549L	8.75
0	KIAA1958	695.75
0	KIAA2012	382.75
0	KIAA2026	1448.0
0	KIDINS220	2484.5
0	KIF11	299.25
0	KIF13A	103.75
0	KIF13B	637.5
0	KIF16B	608.0
0	KIF1B	1902.25
0	KIF21A	1971.0
0	KIF24	175.25
0	KIF26B	31.25
0	KIF2C	51.0
0	KIF6	377.75
0	KIF9	52.25
0	KIFC1	177.25
0	KIFC3	106.25
0	KIR2DL3	1.0
0	KIR3DL2	42.0
0	KIR3DX1	807.75
0	KIT	25.5
0	KLB	270.25
0	KLC1	3643.0
0	KLC3	195.0
0	KLF4	7.75
0	KLF9	953.75
0	KLHDC10	842.75
0	KLHL13	2.0
0	KLHL15	818.0
0	KLHL20	575.0
0	KLHL21	2300.75
0	KLHL31	10.5
0	KLHL32	36.0
0	KLHL4	2.75
0	KLHL6	3796.25
0	KLK4	5.25
0	KLKB1	39.75
0	KLRC1	64.5
0	KLRC4	4.5
0	KLRD1	701.75
0	KLRK1	527.25
0	KMT2C	7443.75
0	KMT2D	6442.75
0	KMT5B	3435.5
0	KNG1	1.0
0	KPNA6	2428.75
0	KRBOX1	2.25
0	KRT10	42.75
0	KRT8	248.25
0	KSR2	170.75
0	KTI12	104.5
0	KTN1	2801.75
0	KXD1	2011.75
0	KY	12.25
0	KYNU	1285.25
0	L1TD1	58.75
0	L3MBTL3	1070.75
0	L3MBTL4	105.75
0	LACTB	604.5
0	LAGE3	120.25
0	LAIR2	100.25
0	LAMA4	71.5
0	LAMB3	17.5
0	LAMC1	11.5
0	LAMC2	62.25
0	LAMP3	1125.75
0	LAMTOR1	403.0
0	LAMTOR5	960.75
0	LANCL1	609.75
0	LANCL2	705.25
0	LARP1	34401.75
0	LARP1B	917.0
0	LARP4	3060.75
0	LARP4B	4177.5
0	LARP7	414.5
0	LAS1L	2726.0
0	LAT2	386.25
0	LATS1	3162.5
0	LBR	3157.5
0	LCA5	3.5
0	LDB2	1.75
0	LDHAL6A	166.0
0	LDHB	8066.25
0	LECT2	9.5
0	LEKR1	17.0
0	LEMD2	891.25
0	LENG1	257.75
0	LETMD1	1162.25
0	LGALS14	8.5
0	LGALS9	1011.0
0	LGI4	7.75
0	LGSN	135.25
0	LHFPL1	4.25
0	LILRA4	363.0
0	LILRB1	94.0
0	LILRB3	92.75
0	LILRB5	121.5
0	LIMA1	1104.0
0	LIMCH1	1.5
0	LIMS2	168.25
0	LIN54	1722.5
0	LIPH	112.0
0	LIPJ	3.0
0	LIX1	55.0
0	LMAN2	937.25
0	LMBR1	1970.25
0	LMNB1	2396.5
0	LMO3	1.5
0	LMOD3	219.5
0	LNX1	4.75
0	LONRF2	71.5
0	LOXL3	28.75
0	LPA	0.5
0	LPAR3	60.25
0	LPCAT3	1832.75
0	LPGAT1	2563.25
0	LRCH1	606.5
0	LRCH3	3533.75
0	LRIG1	1165.25
0	LRIG2	1688.0
0	LRIT3	20.25
0	LRMP	671.25
0	LRP12	389.75
0	LRP5	166.25
0	LRP8	2443.0
0	LRRC17	2.0
0	LRRC18	9.5
0	LRRC2	546.5
0	LRRC37B	1024.0
0	LRRC39	36.5
0	LRRC47	815.75
0	LRRC58	4580.25
0	LRRC6	22.25
0	LRRC66	3.25
0	LRRC7	11.75
0	LRRC8B	3359.75
0	LRRC8C	4490.0
0	LRRCC1	97.0
0	LRRIQ1	126.25
0	LRRIQ3	8.0
0	LRRK1	5410.5
0	LRRK2	12.75
0	LRRN4	6.5
0	LRRTM2	43.25
0	LRRTM3	5.0
0	LSAMP	58.0
0	LSM10	174.75
0	LSM5	239.25
0	LSM8	395.25
0	LSMEM1	23.5
0	LTA	14565.5
0	LTBP1	1.25
0	LTBP4	1353.75
0	LTK	4.5
0	LTN1	858.25
0	LTV1	2589.0
0	LUZP1	745.25
0	LXN	70.5
0	LY6G5B	952.75
0	LYG2	53.5
0	LYPD5	1067.25
0	LYPLA2	1054.0
0	LYRM4	1231.5
0	LYSMD1	92.5
0	LYST	2486.5
0	LYZ	3409.75
0	M1AP	41.0
0	MACC1	421.75
0	MACF1	15347.0
0	MACROD2	343.5
0	MAD2L1	356.5
0	MAGI1	24.0
0	MAGI2	550.75
0	MAGOH	318.25
0	MAGT1	1444.75
0	MAN1B1	601.75
0	MAN2A2	3106.5
0	MANEAL	61.75
0	MANSC1	1195.75
0	MAOA	20.25
0	MAP1LC3A	16.75
0	MAP1LC3C	34.75
0	MAP2	6.25
0	MAP2K6	183.5
0	MAP3K12	2872.75
0	MAP3K13	1023.75
0	MAP3K19	5.0
0	MAP3K4	3630.0
0	MAP3K7	1349.75
0	MAP4	3179.25
0	MAP4K4	5347.0
0	MAP6D1	29.75
0	MAP9	135.25
0	MAPK10	1251.25
0	MAPK1IP1L	7945.75
0	MAPK7	379.75
0	MAPKAP1	4175.5
0	MAPKAPK5	7220.25
0	MARCKS	8.75
0	MARK2	2195.75
0	MARS2	1013.25
0	MARVELD2	605.5
0	MAST2	510.0
0	MAST3	1923.5
0	MAST4	1317.5
0	MATN1	52.25
0	MATN2	132.0
0	MATR3	9177.75
0	MAU2	2545.25
0	MB21D2	86.5
0	MBD1	2581.0
0	MBD2	2246.75
0	MBD5	1772.0
0	MBD6	898.5
0	MBIP	811.5
0	MBNL2	686.0
0	MBOAT4	33.75
0	MC2R	145.75
0	MCCC1	917.5
0	MCF2	5.25
0	MCM4	2517.5
0	MCM6	3807.0
0	MCTP1	107.5
0	MCTP2	555.75
0	MCTS1	123.5
0	MDM1	256.75
0	MDM2	8630.25
0	MDM4	12145.75
0	MDN1	6823.0
0	ME2	7718.75
0	MEAF6	1027.75
0	MECOM	193.75
0	MED13	20846.5
0	MED23	2209.0
0	MED24	904.5
0	MED28	1351.0
0	MEF2C	86.0
0	MEF2D	5105.75
0	MEI4	1.5
0	MEIG1	5.5
0	MEIOC	376.5
0	MEIS2	21.75
0	MEP1B	1.75
0	MERTK	22.25
0	MEST	253.0
0	MET	49.0
0	METAP1	2524.25
0	METTL14	266.75
0	METTL16	1425.0
0	METTL17	800.5
0	METTL21A	7701.5
0	METTL24	4.25
0	METTL2B	2637.25
0	METTL5	882.25
0	METTL6	313.0
0	MEX3A	21.0
0	MFAP1	2148.0
0	MFAP3L	121.0
0	MFAP5	145.5
0	MFF	585.5
0	MFN2	8619.25
0	MFSD1	435.5
0	MFSD2B	132.0
0	MGA	3861.25
0	MGAT1	1035.5
0	MGAT4C	897.0
0	MGLL	132.0
0	MGMT	278.5
0	MGST1	343.25
0	MIA3	1959.5
0	MIB2	221.75
0	MICAL1	917.75
0	MICU1	471.75
0	MICU2	807.75
0	MICU3	96.75
0	MID1	10.25
0	MID1IP1	1118.25
0	MINK1	715.25
0	MINPP1	256.25
0	MIP	6.25
0	MIPOL1	6040.75
0	MIS18BP1	744.25
0	MITF	50.5
0	MKNK1	1291.75
0	MLC1	0.5
0	MLF1	42.25
0	MLF2	2091.5
0	MLIP	42.0
0	MLPH	109.25
0	MLXIP	6910.25
0	MMADHC	1135.5
0	MME	55.0
0	MMP13	7.5
0	MMP21	7.0
0	MNAT1	271.75
0	MNDA	12.5
0	MOB1A	8816.0
0	MOB4	421.25
0	MOBP	240.75
0	MOCS1	22.5
0	MOCS2	323.0
0	MOCS3	696.25
0	MOG	274.0
0	MOK	350.5
0	MORC2	1242.5
0	MORF4L1	3921.5
0	MOV10L1	134.5
0	MPC1	149.0
0	MPDU1	883.25
0	MPEG1	188.75
0	MPHOSPH9	1050.0
0	MPP2	24.0
0	MPP3	3.0
0	MPP4	209.25
0	MPZL3	1254.5
0	MRGBP	281.0
0	MRI1	1597.5
0	MRLN	62.75
0	MROH1	652.5
0	MROH7	109.25
0	MRPL11	167.75
0	MRPL16	320.0
0	MRPL22	216.25
0	MRPL23	303.75
0	MRPL24	656.75
0	MRPL27	245.5
0	MRPL3	2711.5
0	MRPL33	154.75
0	MRPL35	754.5
0	MRPL36	353.75
0	MRPL42	2106.25
0	MRPL44	890.25
0	MRPL48	867.25
0	MRPL55	214.75
0	MRPS14	303.5
0	MRPS15	1257.25
0	MRPS22	779.0
0	MRPS25	954.25
0	MRPS28	248.5
0	MRPS5	2184.25
0	MS4A2	167.5
0	MS4A3	3.0
0	MS4A4A	8.75
0	MS4A4E	30.0
0	MS4A6A	116.75
0	MSANTD3	332.25
0	MSC	96.5
0	MSH4	13.75
0	MSH6	3568.75
0	MSL2	2816.75
0	MSRA	143.0
0	MSRB3	156.5
0	MTAP	1615.5
0	MTDH	7404.75
0	MTERF1	1213.25
0	MTHFD2L	535.75
0	MTIF2	1260.75
0	MTMR10	1418.25
0	MTMR11	20.75
0	MTMR14	1631.5
0	MTMR7	223.5
0	MTR	4114.25
0	MTRF1L	1309.0
0	MTRNR2L1	1079828.25
0	MTRNR2L10	331047.5
0	MTRNR2L11	211008.75
0	MTRNR2L13	207.25
0	MTRNR2L5	22.75
0	MTRNR2L6	248154.5
0	MTRNR2L7	104.25
0	MTUS2	186.75
0	MTX1	866.25
0	MTX2	386.5
0	MUC15	27.5
0	MUC16	37.5
0	MUC3A	17.25
0	MUTYH	516.5
0	MVB12A	427.75
0	MX2	1129.5
0	MXRA7	708.25
0	MYADM	7531.0
0	MYBL1	393.0
0	MYCT1	2.0
0	MYEF2	807.25
0	MYLK	342.5
0	MYO16	15.0
0	MYO18A	3042.25
0	MYO19	2403.5
0	MYO1A	14.75
0	MYO1E	64.25
0	MYO1H	19.5
0	MYO6	106.5
0	MYO7B	8.0
0	MYO9A	1164.5
0	MYOM2	31.0
0	MYOT	22.0
0	MYPN	89.25
0	MYRIP	6.5
0	N4BP2L1	489.25
0	N4BP2L2	2328.5
0	NAA30	1212.0
0	NAAA	940.5
0	NAALAD2	25.5
0	NAALADL2	1647.5
0	NABP1	3350.75
0	NACA2	1.25
0	NADK2	1376.5
0	NAF1	928.25
0	NAMPT	6939.0
0	NANOS1	219.5
0	NAP1L1	10801.0
0	NAP1L3	43.0
0	NAP1L4	3178.75
0	NAPA	881.75
0	NASP	5770.75
0	NAT1	50.75
0	NAV1	802.0
0	NAV2	84.5
0	NAV3	500.0
0	NBAS	1202.25
0	NBL1	130.25
0	NBN	652.5
0	NCALD	329.75
0	NCAM1	37.5
0	NCBP2L	5.0
0	NCBP3	2481.25
0	NCDN	1128.75
0	NCEH1	152.0
0	NCF2	171.0
0	NCK1	347.75
0	NCKAP5	3.5
0	NCL	71791.5
0	NCOA1	3478.5
0	NCOA2	7704.25
0	NCOA4	3711.0
0	NCOA6	2598.5
0	NCOR1	6303.75
0	NCSTN	1109.5
0	NDE1	1329.25
0	NDEL1	1625.25
0	NDFIP1	3342.25
0	NDRG2	595.75
0	NDRG3	1003.75
0	NDST3	93.5
0	NDST4	11.75
0	NDUFA4	838.75
0	NDUFA6	491.75
0	NDUFAF4	251.5
0	NDUFS4	172.5
0	NDUFS5	523.75
0	NDUFV1	1754.75
0	NEB	417.75
0	NEBL	19.0
0	NECAB1	54.25
0	NECTIN2	32.5
0	NECTIN3	230.75
0	NEDD4	567.75
0	NEDD4L	313.25
0	NEDD9	1307.75
0	NEGR1	633.25
0	NEK10	71.5
0	NEK3	77.25
0	NEK6	216.0
0	NEURL4	517.0
0	NEUROD2	39.0
0	NEXN	271.25
0	NFASC	120.75
0	NFE2	9.25
0	NFIA	725.0
0	NFIB	15.25
0	NFIL3	479.75
0	NFIX	629.0
0	NFKBIA	6508.5
0	NFRKB	962.0
0	NFX1	1753.0
0	NFYB	465.25
0	NFYC	1700.75
0	NGEF	3.5
0	NHLRC1	25.0
0	NHSL1	41.0
0	NID2	23.75
0	NIF3L1	674.75
0	NIFK	1589.75
0	NKAP	3954.0
0	NKRF	1168.75
0	NLGN4Y	109.5
0	NLRP1	7613.0
0	NLRP11	31.5
0	NLRP2	348.0
0	NLRP3	87.25
0	NLRP7	0.5
0	NLRP8	34.0
0	NMD3	1122.25
0	NME6	1180.25
0	NME9	174.0
0	NMNAT2	22.5
0	NMRAL1	415.25
0	NNT	1433.75
0	NOB1	1515.5
0	NOCT	1318.5
0	NOL10	1611.25
0	NOL3	88.25
0	NOL7	4903.25
0	NOL8	2638.0
0	NOLC1	25635.25
0	NOP56	5275.75
0	NOP58	3558.25
0	NOSTRIN	79.75
0	NOVA1	1.0
0	NOX1	12.0
0	NOX4	93.75
0	NOX5	98.25
0	NOXRED1	96.0
0	NPAS3	46.0
0	NPFFR2	89.0
0	NPHP1	127.75
0	NPLOC4	3326.75
0	NPM1	62835.25
0	NPM3	472.25
0	NPNT	2.0
0	NPRL2	489.0
0	NPTN	658.0
0	NPTX2	1.5
0	NR1I2	4.75
0	NR1I3	240.75
0	NR2C1	365.25
0	NR2C2	2493.75
0	NR5A2	359.0
0	NR6A1	251.0
0	NRAS	2511.75
0	NRBP1	2942.0
0	NRDE2	2039.25
0	NREP	561.0
0	NRG1	3.5
0	NRG4	114.5
0	NRM	278.0
0	NRP1	187.5
0	NRP2	293.75
0	NRSN1	1874.75
0	NRSN2	71.75
0	NRXN3	127.25
0	NSG1	220.75
0	NSUN4	1426.5
0	NSUN7	1.5
0	NT5C3A	262.25
0	NT5DC4	3.25
0	NTAN1	1361.25
0	NTRK2	44.75
0	NTRK3	158.25
0	NUCB2	575.0
0	NUDCD3	1637.0
0	NUDT11	12.75
0	NUDT12	75.75
0	NUDT13	230.5
0	NUDT15	873.75
0	NUDT18	27.0
0	NUDT9	324.5
0	NUF2	82.25
0	NUMA1	4719.0
0	NUP210L	26.75
0	NUP214	10166.5
0	NUP35	540.25
0	NUP43	1776.25
0	NUP58	1736.25
0	NUP85	696.75
0	NUS1	1929.0
0	NVL	1099.75
0	NWD1	138.5
0	NXPE4	1.5
0	OBSCN	1424.25
0	ODC1	15027.75
0	ODF3	33.5
0	OGFRL1	940.5
0	OLA1	4989.75
0	OLR1	65.75
0	OMA1	364.25
0	OOEP	0.25
0	OPA1	2834.75
0	OPN1SW	20.75
0	OPRK1	16.0
0	OR10A2	124.5
0	OR10A3	184.5
0	OR10A4	2.5
0	OR10G2	5.75
0	OR10G3	1242.75
0	OR10G4	101.5
0	OR10H1	496.5
0	OR10J1	92.5
0	OR10K2	21.25
0	OR14J1	1588.0
0	OR1A1	667.25
0	OR1C1	8.5
0	OR1I1	563.75
0	OR1J1	7.25
0	OR1J2	2.5
0	OR1L6	2.5
0	OR1L8	14.25
0	OR1M1	167.5
0	OR1Q1	4.5
0	OR2A12	18.25
0	OR2A25	114.5
0	OR2AG1	73.0
0	OR2AG2	92.5
0	OR2AP1	102.75
0	OR2AT4	544.0
0	OR2D2	4.5
0	OR2G6	484.0
0	OR2L13	2.0
0	OR2L5	41.75
0	OR2T33	88.5
0	OR2V1	21.0
0	OR2V2	157.75
0	OR3A2	97.25
0	OR4E2	22.5
0	OR4F15	206.0
0	OR4K2	11.25
0	OR4P4	63.25
0	OR4Q3	21.25
0	OR51E2	89.0
0	OR51L1	45.5
0	OR52A1	464.75
0	OR52B6	4.75
0	OR52E4	494.5
0	OR52K1	92.0
0	OR52M1	11.25
0	OR56A4	969.5
0	OR5A1	264.5
0	OR5AS1	1647.25
0	OR5AU1	363.0
0	OR5T2	3.75
0	OR6A2	6.75
0	OR6C4	109.75
0	OR6C75	2324.25
0	OR7A5	11.5
0	OR7C1	709.5
0	OR7D4	214.75
0	OR7E24	2.5
0	OR8A1	308.0
0	OR8B8	126.0
0	OR8D1	42.25
0	OR8D4	38.25
0	OR8G1	10.5
0	OR8J3	47.75
0	ORAI2	1640.0
0	ORC5	365.0
0	ORC6	18576.25
0	OSBPL11	395.0
0	OSBPL1A	176.75
0	OSBPL2	2606.0
0	OSBPL6	82.5
0	OSBPL8	4134.0
0	OSER1	568.25
0	OSMR	277.25
0	OTUD3	1284.0
0	OTUD4	5014.25
0	OTUD7B	1803.25
0	OTULIN	3152.5
0	OVCH1	0.75
0	OXA1L	1297.0
0	OXR1	373.5
0	OXTR	27.5
0	P2RY1	28.75
0	P4HTM	444.0
0	PACRG	59.25
0	PACRGL	289.75
0	PACSIN2	529.25
0	PACSIN3	98.75
0	PAIP2	1312.0
0	PAIP2B	162.25
0	PAK3	193.25
0	PALD1	14.75
0	PALM3	28.25
0	PALMD	50.75
0	PAN3	2699.75
0	PAPOLB	3.75
0	PAPPA	51.0
0	PAPPA2	0.25
0	PAQR9	4.5
0	PARK7	2969.25
0	PARL	375.5
0	PARN	1835.25
0	PARP6	1706.0
0	PARS2	75.5
0	PATE2	96.0
0	PATE4	134.5
0	PAX5	56.5
0	PAX6	286.25
0	PCCB	869.0
0	PCDHA10	219.0
0	PCDHA4	1054.25
0	PCDHA5	18.0
0	PCDHA9	195.5
0	PCDHB1	521.75
0	PCDHB11	39.0
0	PCDHB16	95.5
0	PCDHB9	159.25
0	PCDHGA11	17.0
0	PCDHGA7	1.0
0	PCDHGA9	21.5
0	PCGF2	33.5
0	PCGF5	2388.5
0	PCK2	1615.5
0	PCM1	7874.5
0	PCMT1	536.25
0	PCMTD2	2561.75
0	PCNA	2232.25
0	PCNX2	2553.0
0	PCOLCE2	2.5
0	PCSK1	5.25
0	PCSK2	54.0
0	PCYOX1L	533.5
0	PCYT1A	2752.5
0	PCYT1B	55.25
0	PDCD10	6193.0
0	PDCD2	1296.0
0	PDCD7	1245.5
0	PDCL	505.75
0	PDE11A	311.5
0	PDE1A	31.0
0	PDE1C	2.75
0	PDE4A	183.75
0	PDE4B	3511.0
0	PDE4C	293.0
0	PDE6A	465.25
0	PDE6C	16.0
0	PDE8B	29.75
0	PDGFD	7.25
0	PDHX	1350.25
0	PDILT	27.75
0	PDLIM2	779.25
0	PDLIM5	1032.75
0	PDPN	21.5
0	PDS5B	2038.75
0	PDZD2	268.25
0	PDZK1	94.75
0	PELP1	1794.0
0	PEMT	362.25
0	PEPD	387.0
0	PERP	42.75
0	PES1	1687.25
0	PEX19	502.75
0	PEX5	629.25
0	PEX5L	164.0
0	PFKFB2	306.75
0	PFKFB3	1307.75
0	PFKM	787.75
0	PGAP2	481.25
0	PGGT1B	1727.75
0	PGLYRP2	7.25
0	PGM1	368.25
0	PGRMC2	411.0
0	PHACTR1	229.0
0	PHACTR3	17.25
0	PHACTR4	4063.0
0	PHF10	1418.25
0	PHF11	934.25
0	PHF12	3668.0
0	PHF13	71.5
0	PHF14	1381.0
0	PHF20L1	2808.0
0	PHF6	1653.75
0	PHF8	2833.5
0	PHLDB2	258.25
0	PHOSPHO1	41.25
0	PHRF1	864.25
0	PHYH	154.25
0	PI4KA	3872.0
0	PI4KB	1277.75
0	PIAS4	1562.25
0	PICALM	4904.5
0	PID1	2.5
0	PIEZO2	54.25
0	PIGA	1124.25
0	PIGZ	29.25
0	PIK3C3	1902.5
0	PIK3CA	1249.25
0	PIK3CB	933.5
0	PIK3CG	523.25
0	PILRA	67.0
0	PIN1	605.0
0	PINK1	1322.0
0	PINLYP	112.25
0	PIP5K1A	4006.5
0	PITHD1	756.5
0	PITRM1	3140.75
0	PIWIL1	59.25
0	PKD1L3	15.0
0	PKD2	466.5
0	PKHD1	3.5
0	PKHD1L1	1.75
0	PKIB	122.75
0	PKIG	71.5
0	PKN2	923.5
0	PLA2G4A	4.25
0	PLA2G4C	670.0
0	PLAGL1	567.25
0	PLAGL2	9039.75
0	PLAT	213.75
0	PLAU	12.0
0	PLB1	13.0
0	PLCB1	302.0
0	PLCB4	6.0
0	PLCD3	558.75
0	PLCD4	397.75
0	PLCE1	1022.5
0	PLCH1	5.75
0	PLCH2	181.75
0	PLCXD3	3.5
0	PLD1	189.75
0	PLD3	702.75
0	PLEK2	22.25
0	PLEKHA4	20.5
0	PLEKHA5	446.0
0	PLEKHA7	144.75
0	PLEKHA8	341.0
0	PLEKHF2	98.25
0	PLEKHG1	583.5
0	PLEKHG2	2032.5
0	PLEKHG4B	78.25
0	PLEKHH2	399.75
0	PLEKHS1	15.0
0	PLET1	34.5
0	PLG	32.25
0	PLIN2	731.5
0	PLN	218.75
0	PLOD2	41.5
0	PLP1	7.25
0	PLPP1	309.75
0	PLPP3	86.25
0	PLPPR2	73.75
0	PLRG1	515.25
0	PLS1	118.0
0	PLS3	113.75
0	PLSCR1	162.25
0	PLSCR2	3.0
0	PLSCR4	0.25
0	PLTP	32.25
0	PLXNA2	5.25
0	PLXNA4	168.5
0	PLXNB1	70.0
0	PM20D2	1167.0
0	PMAIP1	1268.25
0	PMCH	1.5
0	PMFBP1	55.25
0	PMM2	1437.5
0	PMP2	7.0
0	PMS1	717.0
0	PNLDC1	19.75
0	PNLIPRP1	113.0
0	PNP	2140.0
0	PNPLA4	128.25
0	PNPLA8	373.5
0	PNPO	3477.25
0	PNRC1	4701.0
0	PODXL2	42.25
0	POF1B	6.5
0	POGK	1512.25
0	POLD2	1649.5
0	POLD3	1664.5
0	POLD4	590.5
0	POLE4	346.75
0	POLL	478.0
0	POLQ	201.75
0	POLR1B	993.0
0	POLR2D	2519.25
0	POLR2I	297.5
0	POLR2K	477.25
0	POLR2M	2220.75
0	POLR3A	2274.0
0	POLR3B	918.75
0	POLRMT	257.75
0	POMC	43.25
0	POMGNT1	838.75
0	POMT1	536.25
0	POMT2	809.5
0	POP4	641.5
0	POT1	378.75
0	POU2AF1	1011.25
0	POU5F1B	189.25
0	POU6F1	413.75
0	POU6F2	236.25
0	PPA1	3433.75
0	PPAN-P2RY11	28.75
0	PPARG	165.0
0	PPEF1	40.0
0	PPEF2	476.5
0	PPFIA1	1462.75
0	PPFIA3	48.0
0	PPFIA4	53.0
0	PPFIBP1	406.0
0	PPIB	2655.25
0	PPIG	2519.5
0	PPIL1	583.75
0	PPIP5K2	1238.0
0	PPM1E	16.75
0	PPM1G	3614.25
0	PPM1J	5.5
0	PPM1L	513.5
0	PPOX	227.25
0	PPP1CB	4802.75
0	PPP1R12A	3522.5
0	PPP1R12C	622.25
0	PPP1R15B	2711.75
0	PPP1R1C	9.5
0	PPP1R21	553.0
0	PPP1R26	26.75
0	PPP1R3G	96.5
0	PPP1R42	4.5
0	PPP1R8	632.75
0	PPP1R9A	25.5
0	PPP2R1B	1922.75
0	PPP2R2B	133.5
0	PPP2R3A	120.5
0	PPP2R3C	249.0
0	PPP2R5A	493.25
0	PPP2R5C	6367.25
0	PPP2R5D	425.0
0	PPP5C	3361.5
0	PRC1	286.0
0	PRCC	881.0
0	PRDM10	273.5
0	PRDM11	183.0
0	PRDM16	33.0
0	PRDM4	1533.75
0	PRDM5	100.75
0	PRDX1	2000.75
0	PRDX2	626.5
0	PRDX3	1503.5
0	PRELID2	235.0
0	PREPL	2203.25
0	PREX2	88.25
0	PRG4	306.25
0	PRH2	19.5
0	PRICKLE1	132.75
0	PRICKLE4	6.25
0	PRKAB2	619.0
0	PRKACA	594.25
0	PRKCA	7724.5
0	PRKCI	1419.75
0	PRKCSH	2635.5
0	PRKG2	142.75
0	PRMT1	1890.5
0	PRMT8	22.5
0	PRMT9	221.25
0	PROM1	14.5
0	PROS1	70.75
0	PROX1	8.75
0	PROX2	41.75
0	PRPF18	591.75
0	PRPF3	2770.0
0	PRPF38B	6156.5
0	PRPF40B	200.5
0	PRPF4B	5820.5
0	PRPS1	2977.75
0	PRPS2	626.5
0	PRPSAP2	402.5
0	PRR14L	1383.0
0	PRR16	61.5
0	PRR23C	94.75
0	PRR34	55.25
0	PRR5L	478.25
0	PRR7	25.75
0	PRRC1	4044.25
0	PRRC2A	4154.5
0	PRRC2B	4435.5
0	PRRT4	2.25
0	PRSS12	155.0
0	PRSS16	48.75
0	PRSS23	349.75
0	PRSS37	1.25
0	PRSS51	13.5
0	PRUNE2	11.0
0	PSAP	3745.25
0	PSD3	94.0
0	PSMA3	2228.0
0	PSMA4	1570.75
0	PSMB10	1794.25
0	PSMB11	5.25
0	PSMB2	3422.0
0	PSMB5	914.5
0	PSMB6	811.75
0	PSMB7	1689.25
0	PSMD1	5114.75
0	PSMD14	2446.5
0	PSMD2	2503.75
0	PSMD3	2677.75
0	PSMD4	1975.0
0	PSMD5	936.25
0	PSMG1	615.5
0	PSTK	357.5
0	PTAR1	1637.0
0	PTBP1	12198.0
0	PTCH1	1567.25
0	PTCHD3	66.5
0	PTGER2	468.5
0	PTGIR	219.5
0	PTHLH	3.25
0	PTMS	415.75
0	PTOV1	1298.5
0	PTPN11	5830.0
0	PTPN12	783.5
0	PTPN21	7.25
0	PTPN3	186.0
0	PTPN4	1462.5
0	PTPN6	4193.5
0	PTPN7	4570.25
0	PTPRB	58.0
0	PTPRD	8.75
0	PTPRM	444.75
0	PTPRN2	41.75
0	PTPRO	15.5
0	PTPRU	4.25
0	PTS	152.5
0	PUM1	4298.25
0	PUS3	388.5
0	PWP1	894.0
0	PXDC1	26.5
0	PYCR1	461.75
0	PYGL	191.25
0	PZP	570.75
0	QSOX1	343.75
0	QTRT2	2793.5
0	R3HDM1	3435.75
0	R3HDM2	5035.25
0	RAB11B	1144.0
0	RAB13	215.75
0	RAB14	955.75
0	RAB17	6.0
0	RAB27B	8.5
0	RAB2A	805.0
0	RAB36	143.75
0	RAB38	7.5
0	RAB3C	2.5
0	RAB3IP	783.25
0	RAB40A	9.75
0	RAB4A	263.5
0	RAB7A	14799.5
0	RAB8B	4019.5
0	RAB9B	9.25
0	RABEP1	4463.0
0	RABGAP1L	3402.0
0	RABGGTA	642.5
0	RABGGTB	3657.0
0	RACGAP1	405.5
0	RACK1	9912.0
0	RAD17	673.75
0	RAD23A	2439.0
0	RAD51	178.0
0	RAD51AP1	194.75
0	RAD54L	197.75
0	RAD54L2	3191.5
0	RAD9B	140.75
0	RAET1E	72.5
0	RAET1G	2.0
0	RAG1	1.75
0	RAI14	46.75
0	RALGAPA1	1750.5
0	RALGAPA2	2869.25
0	RALGAPB	3280.75
0	RALGPS1	271.0
0	RAN	8801.0
0	RANBP10	1061.25
0	RANBP2	3949.5
0	RAP1B	3617.25
0	RAP1GDS1	1081.5
0	RAP2C	3043.0
0	RAPGEF6	2435.75
0	RAPGEFL1	260.75
0	RAPH1	336.75
0	RARB	25.5
0	RASA1	872.0
0	RASAL2	369.0
0	RASEF	6524.5
0	RASSF4	49.5
0	RASSF5	5304.0
0	RASSF8	169.25
0	RB1	570.25
0	RBBP6	5096.75
0	RBBP7	2756.0
0	RBBP9	536.75
0	RBFOX1	47.25
0	RBM15B	1255.75
0	RBM23	2361.75
0	RBM24	4.5
0	RBM28	4755.0
0	RBM33	5748.25
0	RBM34	2256.75
0	RBM38	2279.0
0	RBM4	1911.75
0	RBM41	797.0
0	RBM43	329.75
0	RBM45	126.0
0	RBM47	444.75
0	RBM7	1466.0
0	RBMS2	696.0
0	RBMS3	255.5
0	RBP2	0.25
0	RBP5	45.0
0	RBPJ	4806.75
0	RBPMS	375.75
0	RCAN1	380.0
0	RCAN2	22.0
0	RCAN3	21623.0
0	RCC1	1253.25
0	RCC2	2465.5
0	RCL1	1724.5
0	RCN2	2423.25
0	RCN3	12.25
0	RCOR3	1843.75
0	RDH16	353.5
0	RDH5	541.5
0	RDH8	2.25
0	RDM1	31.75
0	REG4	7.5
0	REL	9642.0
0	RELN	47.0
0	REP15	2.5
0	REXO2	432.0
0	RFK	824.0
0	RFTN2	459.0
0	RFWD3	1759.5
0	RFX3	1178.5
0	RFX5	788.25
0	RFX8	8.0
0	RGL1	75.0
0	RGN	54.25
0	RGS10	412.0
0	RGS12	422.75
0	RGS13	19.25
0	RGS17	331.5
0	RGS2	327.5
0	RGS3	594.75
0	RGS5	30.75
0	RGS6	4.75
0	RHAG	86.25
0	RHBDD1	666.75
0	RHBDD2	1401.5
0	RHBDF2	484.0
0	RHBDL1	8.0
0	RHEBL1	13.75
0	RHOBTB1	0.5
0	RHOC	86.5
0	RHOJ	116.5
0	RIC3	494.0
0	RIC8A	724.75
0	RIC8B	439.5
0	RIMS1	203.5
0	RIMS2	172.25
0	RIN2	47.5
0	RINL	973.75
0	RIOK3	2127.5
0	RIPK3	379.5
0	RIT2	2.25
0	RLF	686.0
0	RMDN2	63.5
0	RNASE4	44.5
0	RNASEK	745.75
0	RNF103-CHMP3	4.25
0	RNF114	1325.75
0	RNF13	477.75
0	RNF135	87.25
0	RNF138	1362.25
0	RNF139	152.25
0	RNF14	475.75
0	RNF144A	1407.25
0	RNF144B	70.0
0	RNF146	435.0
0	RNF169	1717.0
0	RNF180	29.25
0	RNF182	2.0
0	RNF183	9.25
0	RNF187	1004.0
0	RNF19A	2525.5
0	RNF2	1354.25
0	RNF214	820.0
0	RNF220	1737.75
0	RNF24	785.5
0	RNF32	214.25
0	RNF43	1589.25
0	RNF6	894.75
0	RNFT2	598.0
0	RNGTT	1112.25
0	RNPC3	2238.75
0	RNPEP	230.0
0	RNPS1	5945.25
0	ROBO1	107.0
0	ROBO2	39.25
0	ROBO4	5.5
0	ROPN1	5.25
0	ROPN1L	7.25
0	ROR1	6.5
0	RP1L1	369.0
0	RP9	271.0
0	RPGR	645.25
0	RPGRIP1	10.75
0	RPH3A	40.75
0	RPL10L	1.25
0	RPL11	9060.25
0	RPL14	6801.0
0	RPL15	12810.25
0	RPL18	16826.0
0	RPL18A	24131.0
0	RPL22	3383.5
0	RPL22L1	150.75
0	RPL26L1	345.0
0	RPL27A	5895.5
0	RPL30	8526.25
0	RPL36A	1002.75
0	RPL37A	6560.0
0	RPL41	63205.0
0	RPL7	8743.25
0	RPL7L1	6611.25
0	RPLP1	8925.75
0	RPN2	1523.25
0	RPP38	550.0
0	RPP40	65.5
0	RPS15A	8172.5
0	RPS19	5223.0
0	RPS24	5260.75
0	RPS29	2960.0
0	RPS3	27392.5
0	RPS6KA6	143.75
0	RPS6KC1	166.5
0	RPUSD2	271.25
0	RRAD	5.0
0	RRP15	5829.75
0	RSBN1	1929.5
0	RSC1A1	212.5
0	RSPO2	0.25
0	RSU1	1582.0
0	RTKN2	613.25
0	RTN2	15.5
0	RTTN	2727.25
0	RUFY1	699.25
0	RUNX1	4233.5
0	RUNX1T1	27.75
0	RUNX2	6535.5
0	RUSC1	538.0
0	RUVBL1	2853.5
0	RWDD1	1206.75
0	RWDD3	48.75
0	RYR3	793.25
0	S100A11	3460.75
0	S100Z	8.75
0	S1PR3	334.0
0	S1PR5	50.0
0	SAA1	3.5
0	SAAL1	953.75
0	SAMD1	370.5
0	SAMD13	5.0
0	SAMD4B	2697.5
0	SAMD7	9.5
0	SAP18	852.25
0	SAPCD1	44.0
0	SAR1A	4859.0
0	SAR1B	1972.25
0	SASH1	118.5
0	SASH3	1628.0
0	SATB2	155.25
0	SATL1	834.5
0	SBF2	1552.0
0	SBNO2	1196.25
0	SCAF11	3835.25
0	SCAMP2	2938.5
0	SCD5	1899.0
0	SCGB3A2	430.5
0	SCIMP	808.5
0	SCMH1	1163.75
0	SCML2	143.75
0	SCN1A	77.25
0	SCN2A	84.5
0	SCN7A	78.0
0	SCN8A	146.75
0	SCN9A	196.5
0	SCP2	1081.0
0	SCPEP1	352.75
0	SCRN3	483.75
0	SCUBE2	85.0
0	SCYL3	569.75
0	SDAD1	479.75
0	SDC1	6.25
0	SDCCAG8	1353.75
0	SDE2	2367.5
0	SDK2	1295.25
0	SDR42E1	367.0
0	SDSL	16.0
0	SEC11C	363.75
0	SEC13	1567.0
0	SEC14L3	40.5
0	SEC14L6	245.5
0	SEC16B	1.5
0	SEC23IP	3859.75
0	SEC24C	1889.0
0	SEC31A	5075.25
0	SEC61A2	890.75
0	SECTM1	678.5
0	SEL1L	4642.25
0	SELE	4.25
0	SELP	53.25
0	SEMA3C	42.5
0	SEMA3E	28.0
0	SEMA4B	289.0
0	SEMA4C	631.75
0	SEMA6A	235.25
0	SEMA6D	8.0
0	SENP2	2568.5
0	SENP3	736.5
0	SENP7	2538.0
0	SENP8	542.25
0	SERBP1	42077.75
0	SERF2	2495.75
0	SERINC3	4061.5
0	SERP1	2997.25
0	SERPINA1	10.0
0	SERPINA10	265.5
0	SERPINB1	438.75
0	SERPINB10	200.5
0	SERPINB11	20.5
0	SERPINB2	11.75
0	SERPINB5	9.25
0	SERPINB6	1130.5
0	SERPINE2	597.25
0	SERPINE3	18.5
0	SERPING1	0.75
0	SERPINI1	19.0
0	SERTAD3	56.0
0	SESN1	282.0
0	SETD5	11738.25
0	SETD9	56.0
0	SETDB2	1140.0
0	SETMAR	387.5
0	SEZ6	23.25
0	SF3B1	14414.0
0	SF3B2	5929.25
0	SF3B6	250.25
0	SFI1	2531.25
0	SFMBT2	1774.5
0	SFRP5	1.25
0	SFT2D3	53.0
0	SFTPB	451.5
0	SFXN4	402.75
0	SFXN5	884.5
0	SGCA	3.25
0	SGIP1	7.0
0	SGK2	66.0
0	SGK3	1079.25
0	SGMS2	5.0
0	SGO1	429.0
0	SGO2	444.25
0	SGPL1	3915.5
0	SH2B1	390.0
0	SH2D1B	12.5
0	SH2D3C	623.5
0	SH2D7	2.25
0	SH3BGR	7.0
0	SH3BP4	10.0
0	SH3D19	216.0
0	SH3PXD2B	49.5
0	SH3RF1	28.25
0	SH3RF2	120.25
0	SHANK1	1.5
0	SHANK2	25.0
0	SHCBP1	197.0
0	SHOC2	1181.75
0	SHQ1	843.5
0	SHTN1	78.5
0	SIAH1	700.5
0	SIDT1	1701.0
0	SIK2	1128.25
0	SIL1	176.25
0	SIM1	66.75
0	SIN3A	5263.25
0	SIPA1	497.75
0	SIPA1L1	1940.5
0	SIPA1L2	216.0
0	SIRPB1	154.5
0	SIX5	21.25
0	SKAP2	81.25
0	SKIDA1	130.0
0	SKIL	1969.25
0	SLAMF6	1991.5
0	SLC10A1	101.75
0	SLC11A2	1904.75
0	SLC12A4	202.0
0	SLC12A6	4784.5
0	SLC12A8	260.25
0	SLC13A1	3.5
0	SLC13A3	36.5
0	SLC13A4	215.0
0	SLC14A2	257.25
0	SLC15A2	219.5
0	SLC16A11	15.25
0	SLC16A14	28.5
0	SLC16A4	428.25
0	SLC18A1	7.5
0	SLC19A3	394.75
0	SLC1A2	543.25
0	SLC1A3	3.75
0	SLC1A5	5850.25
0	SLC1A6	223.0
0	SLC20A2	543.0
0	SLC22A15	10.0
0	SLC22A2	13.5
0	SLC22A5	721.25
0	SLC22A9	76.0
0	SLC23A1	82.25
0	SLC23A2	1668.0
0	SLC23A3	83.5
0	SLC24A1	564.25
0	SLC24A4	403.25
0	SLC25A14	154.0
0	SLC25A18	19.25
0	SLC25A19	1191.25
0	SLC25A26	483.5
0	SLC25A27	5.0
0	SLC25A3	4911.0
0	SLC25A33	570.75
0	SLC25A35	221.0
0	SLC25A36	1095.5
0	SLC26A8	444.0
0	SLC28A3	7.25
0	SLC2A11	648.5
0	SLC2A12	16.5
0	SLC2A13	147.25
0	SLC2A14	44.0
0	SLC30A10	3.25
0	SLC30A3	128.25
0	SLC30A5	1713.0
0	SLC30A6	2488.75
0	SLC30A8	29.0
0	SLC31A2	168.75
0	SLC33A1	159.5
0	SLC34A2	53.25
0	SLC35A5	276.75
0	SLC35B1	963.75
0	SLC35D2	237.0
0	SLC35E1	2777.25
0	SLC35E3	2986.0
0	SLC35E4	358.5
0	SLC35F2	1136.25
0	SLC35F3	4.5
0	SLC36A1	483.5
0	SLC36A4	761.75
0	SLC37A3	1088.25
0	SLC38A2	10246.25
0	SLC38A5	851.25
0	SLC38A6	537.75
0	SLC38A9	218.75
0	SLC39A11	659.5
0	SLC39A13	428.0
0	SLC39A14	1024.0
0	SLC39A9	1924.75
0	SLC3A1	206.5
0	SLC40A1	212.75
0	SLC41A2	313.0
0	SLC43A3	8260.75
0	SLC44A1	863.75
0	SLC44A3	1.25
0	SLC44A5	152.75
0	SLC45A2	2.25
0	SLC46A1	270.25
0	SLC46A3	416.75
0	SLC47A1	638.5
0	SLC4A10	79.25
0	SLC4A4	80.5
0	SLC4A5	415.0
0	SLC4A8	557.5
0	SLC51A	267.25
0	SLC52A3	50.0
0	SLC5A6	1488.75
0	SLC5A8	5.5
0	SLC5A9	4.5
0	SLC6A6	1917.75
0	SLC6A9	605.75
0	SLC7A14	454.0
0	SLC7A2	14.75
0	SLC7A9	161.25
0	SLC8A1	36.5
0	SLC8B1	1117.0
0	SLC9A2	8.25
0	SLC9A4	348.5
0	SLC9A6	1003.5
0	SLC9A9	305.0
0	SLCO1A2	184.75
0	SLCO2B1	34.0
0	SLCO4C1	58.25
0	SLFN14	10.75
0	SLIT1	47.5
0	SLTM	4192.75
0	SMAD1	153.5
0	SMAD4	4206.25
0	SMAD5	781.75
0	SMAD7	566.5
0	SMAGP	298.5
0	SMAP1	732.0
0	SMARCA2	7030.25
0	SMARCAD1	1513.75
0	SMARCAL1	831.5
0	SMARCB1	1909.25
0	SMARCD1	2298.5
0	SMARCD3	62.0
0	SMC3	1357.5
0	SMC4	1064.75
0	SMC5	1525.25
0	SMIM18	12.5
0	SMIM7	887.5
0	SMIM8	351.25
0	SMPD1	446.75
0	SMPDL3A	2.5
0	SMYD3	219.0
0	SNAPC1	421.25
0	SNAPC3	2717.75
0	SNAPC5	364.0
0	SNCA	11.0
0	SNCAIP	24.25
0	SNIP1	1235.25
0	SNRNP35	837.0
0	SNRNP40	592.25
0	SNRPF	803.75
0	SNRPN	1368.5
0	SNTB1	1105.25
0	SNTB2	2435.0
0	SNTG1	96.0
0	SNTG2	11.25
0	SNX11	1096.5
0	SNX13	635.0
0	SNX14	239.25
0	SNX16	68.5
0	SNX27	8557.75
0	SNX30	345.75
0	SNX31	54.25
0	SNX6	957.0
0	SOAT2	0.75
0	SOCS6	18.0
0	SOCS7	2385.25
0	SOGA3	3.75
0	SOHLH2	12.25
0	SORBS1	64.5
0	SORBS2	103.75
0	SORCS1	0.25
0	SORCS3	32.25
0	SOS2	837.75
0	SOSTDC1	2.0
0	SOX13	256.0
0	SOX2	24.75
0	SOX5	14.75
0	SOX6	99.75
0	SP110	6528.25
0	SP140	1776.5
0	SP2	2298.75
0	SP6	5.5
0	SPAG1	393.25
0	SPAG16	85.25
0	SPAG17	7.5
0	SPARCL1	18.25
0	SPATA4	3.0
0	SPATA5L1	227.0
0	SPATA9	9.0
0	SPATC1	2.0
0	SPATS2L	1209.5
0	SPC25	1236.75
0	SPCS2	560.25
0	SPCS3	2069.5
0	SPECC1	864.0
0	SPECC1L	1236.75
0	SPEF1	2.0
0	SPEG	104.5
0	SPG21	1413.5
0	SPICE1	260.5
0	SPIDR	1144.0
0	SPIN4	78.5
0	SPINK4	8.75
0	SPINK9	238.0
0	SPINT1	83.75
0	SPIRE1	160.25
0	SPOCD1	49.0
0	SPRED1	335.5
0	SPRED2	372.75
0	SPRED3	302.75
0	SPRTN	256.5
0	SPRYD4	1711.75
0	SPTAN1	11203.75
0	SPTB	96.75
0	SPTBN2	16.75
0	SPTLC1	1168.0
0	SPTLC3	312.75
0	SPTSSB	1.5
0	SPTY2D1	901.25
0	SQSTM1	2039.75
0	SREK1IP1	526.25
0	SRGAP3	716.75
0	SRPRB	2705.25
0	SRPX2	24.75
0	SRR	304.5
0	SRRM2	31642.5
0	SRSF10	6347.0
0	SRSF11	7825.25
0	SRSF4	7401.75
0	SSB	1699.5
0	SSBP1	2797.75
0	SSBP2	2446.25
0	SSC4D	9.0
0	SSH1	2257.5
0	SSPN	3.0
0	SSR2	2817.5
0	SSR3	1554.75
0	SSUH2	9.25
0	SSX2IP	125.5
0	ST18	105.0
0	ST3GAL2	1569.75
0	ST3GAL3	2023.5
0	ST6GAL2	89.25
0	STAB2	170.25
0	STAG3	506.25
0	STAM	1182.5
0	STAMBP	439.5
0	STARD13	0.5
0	STARD5	187.0
0	STARD9	904.0
0	STAU1	2688.0
0	STAU2	536.75
0	STEAP2	312.75
0	STK32A	6.25
0	STK32B	1.75
0	STK38	2193.25
0	STMN4	3.75
0	STPG2	8.75
0	STRN	1485.75
0	STRN3	2151.5
0	STS	116.5
0	STT3A	4283.5
0	STX16	4382.5
0	STX19	3.5
0	STX6	909.5
0	STX7	556.0
0	STXBP5L	12.5
0	STXBP6	16.5
0	STYK1	19.25
0	SUB1	1215.5
0	SUCLA2	386.25
0	SUCLG1	1203.25
0	SULF1	45.0
0	SULT1A1	524.25
0	SULT1C2	143.75
0	SULT1C4	79.25
0	SULT1E1	21.0
0	SULT2A1	424.0
0	SUMF1	329.5
0	SUMF2	1526.0
0	SUMO1	3651.75
0	SUN1	2405.75
0	SUOX	511.25
0	SUPT16H	4260.5
0	SUPT20H	3069.75
0	SUPT6H	5070.25
0	SUSD5	98.25
0	SUV39H1	613.0
0	SUV39H2	508.0
0	SV2C	148.25
0	SVIL	1878.75
0	SVIP	209.75
0	SVOPL	3.75
0	SWSAP1	658.25
0	SYBU	2.5
0	SYCP2L	3.0
0	SYN2	1.0
0	SYNC	20.75
0	SYNE1	3182.0
0	SYNE2	9141.5
0	SYT1	7.5
0	SYT14	81.25
0	SYT16	19.5
0	SYT5	158.25
0	SYT8	24.75
0	SYTL2	1127.5
0	TAB3	1842.25
0	TACC2	523.5
0	TACR1	48.25
0	TAF1	2600.0
0	TAF12	280.25
0	TAF1A	407.0
0	TAF1D	7146.25
0	TAF1L	80.0
0	TAF2	1797.5
0	TAF4	736.5
0	TAF5	106.5
0	TAF5L	920.25
0	TAF7L	6.75
0	TAF9	1065.75
0	TAGLN2	1674.0
0	TAGLN3	4.0
0	TALDO1	1062.75
0	TAMM41	468.75
0	TAOK1	6251.0
0	TAOK3	1965.75
0	TAPBP	25211.25
0	TAPT1	1059.75
0	TARDBP	11089.25
0	TARM1	5.5
0	TARS2	1140.75
0	TAS2R3	7.75
0	TAS2R43	39.5
0	TAS2R5	18.75
0	TAS2R60	9.0
0	TASP1	339.75
0	TAT	132.5
0	TAX1BP1	2117.0
0	TBC1D19	171.0
0	TBC1D2	85.75
0	TBC1D23	636.75
0	TBC1D24	922.5
0	TBC1D5	1724.75
0	TBC1D7	237.75
0	TBCA	176.0
0	TBK1	342.75
0	TBL3	426.25
0	TBP	2489.0
0	TBPL1	185.0
0	TBR1	9.75
0	TBX19	68.75
0	TBX21	885.0
0	TBXA2R	1130.75
0	TC2N	2477.75
0	TCAF1	376.75
0	TCAIM	361.5
0	TCEAL1	33.5
0	TCEANC2	2713.25
0	TCERG1	6924.75
0	TCERG1L	13.0
0	TCF12	3340.0
0	TCF4	851.75
0	TCF7	11007.5
0	TCF7L2	112.5
0	TCFL5	194.25
0	TCL1B	0.25
0	TCOF1	3420.25
0	TCP1	8712.25
0	TCP10L	11.75
0	TCP10L2	1.25
0	TDRD3	649.75
0	TECRL	23.5
0	TEF	95.0
0	TEKT3	4.0
0	TEP1	1632.75
0	TERF1	815.5
0	TES	1514.5
0	TEX10	844.0
0	TEX101	7.25
0	TEX11	31.75
0	TEX12	2.75
0	TEX15	26.75
0	TEX2	1144.0
0	TEX9	231.0
0	TFAM	2101.0
0	TFB1M	305.5
0	TFDP1	5091.0
0	TFRC	6194.75
0	TGFBI	25.25
0	TGIF2	648.5
0	TGOLN2	5693.5
0	THADA	2493.75
0	THAP1	308.75
0	THAP2	264.0
0	THAP3	236.5
0	THAP4	337.0
0	THNSL1	124.25
0	THNSL2	81.25
0	THOC1	606.75
0	THOC2	2156.75
0	THOC5	2392.75
0	THRSP	2.0
0	THSD1	3.25
0	THSD4	36.75
0	THUMPD2	146.25
0	THY1	5.25
0	TIAM2	380.0
0	TIFA	268.0
0	TIGD6	134.25
0	TIMD4	63.0
0	TIMM10	307.75
0	TIMM21	624.75
0	TIMM23	1291.25
0	TIMM9	245.0
0	TJP2	450.25
0	TLDC2	1155.25
0	TLE1	25.75
0	TLN2	88.75
0	TLR10	105.5
0	TLR3	148.5
0	TLR9	66.0
0	TM2D1	817.75
0	TM2D2	420.75
0	TM4SF18	31.5
0	TM7SF3	768.5
0	TM9SF1	329.75
0	TM9SF3	1198.0
0	TM9SF4	2384.75
0	TMBIM1	2050.0
0	TMBIM6	7447.5
0	TMC5	41.0
0	TMC6	4170.25
0	TMCC1	1116.5
0	TMCO6	520.0
0	TMED3	815.0
0	TMED4	3558.25
0	TMED6	26.75
0	TMED7	1237.75
0	TMEM108	55.0
0	TMEM126B	732.0
0	TMEM128	98.25
0	TMEM131	2655.25
0	TMEM132A	93.5
0	TMEM132B	66.75
0	TMEM144	36.25
0	TMEM145	265.5
0	TMEM14A	160.0
0	TMEM14B	768.0
0	TMEM150A	189.25
0	TMEM150C	139.5
0	TMEM159	204.25
0	TMEM161A	382.25
0	TMEM167B	871.25
0	TMEM168	1009.5
0	TMEM182	438.25
0	TMEM184C	1141.75
0	TMEM19	580.5
0	TMEM209	2306.25
0	TMEM211	2.75
0	TMEM212	2210.0
0	TMEM230	922.75
0	TMEM233	6.25
0	TMEM237	158.0
0	TMEM238	15.75
0	TMEM241	490.25
0	TMEM244	2.5
0	TMEM245	2435.5
0	TMEM254	349.25
0	TMEM263	2040.75
0	TMEM44	101.75
0	TMEM45A	11400.0
0	TMEM52B	107.0
0	TMEM59	770.75
0	TMEM63A	4258.25
0	TMEM68	708.25
0	TMEM70	188.0
0	TMEM71	326.5
0	TMEM79	106.75
0	TMEM81	49.75
0	TMEM86A	86.75
0	TMEM87B	275.75
0	TMEM9	203.25
0	TMEM97	875.75
0	TMEM98	180.75
0	TMOD1	83.75
0	TMOD3	2666.5
0	TMPRSS11B	142.25
0	TMPRSS11D	6.75
0	TMPRSS15	9.25
0	TMPRSS2	0.5
0	TMPRSS4	76.5
0	TMPRSS5	16.0
0	TMUB2	2185.0
0	TNC	95.0
0	TNFAIP8L3	450.75
0	TNFRSF10D	209.0
0	TNFRSF17	8.75
0	TNFRSF19	5.75
0	TNFSF15	169.0
0	TNFSF4	43.25
0	TNKS1BP1	127.5
0	TNN	6.75
0	TNNI1	43.0
0	TNNI3K	2.75
0	TNNT2	95.0
0	TNNT3	55.25
0	TNS3	167.5
0	TOM1	889.25
0	TOM1L2	540.0
0	TOMM20	3786.75
0	TOMM40	5431.25
0	TOMM6	1383.75
0	TONSL	939.25
0	TOP2A	231.75
0	TOP3B	592.25
0	TOPORS	550.0
0	TOR1AIP2	5649.75
0	TOX3	2.25
0	TP53	3859.0
0	TP53BP1	3770.25
0	TP53I11	460.75
0	TPD52L1	155.75
0	TPH2	403.75
0	TPM2	572.0
0	TPO	157.5
0	TPR	4647.5
0	TPRA1	198.25
0	TPRG1	93.75
0	TPRKB	304.25
0	TPST1	29.75
0	TPX2	207.25
0	TRA2A	1860.25
0	TRAF2	792.5
0	TRAF3	3634.0
0	TRAF3IP2	1157.5
0	TRANK1	2279.75
0	TRAPPC5	3901.75
0	TRAPPC9	1114.5
0	TRIM2	224.75
0	TRIM21	560.5
0	TRIM23	864.0
0	TRIM24	3311.75
0	TRIM29	1.5
0	TRIM33	1923.25
0	TRIM34	170.75
0	TRIM39	497.25
0	TRIM41	1514.25
0	TRIM45	97.0
0	TRIM5	432.5
0	TRIM56	6807.5
0	TRIM60	2.75
0	TRIM61	141.25
0	TRIM68	266.75
0	TRIM9	8.75
0	TRIML2	82.75
0	TRIP11	933.0
0	TRIP6	372.25
0	TRIQK	206.25
0	TRMT1L	249.5
0	TRMT2B	959.5
0	TRPA1	8.75
0	TRPC1	60.0
0	TRPM3	51.5
0	TRPM7	1476.25
0	TRPM8	98.0
0	TRPS1	1075.5
0	TRRAP	4389.0
0	TSACC	31.5
0	TSC22D2	1242.5
0	TSEN15	1697.75
0	TSEN2	570.25
0	TSFM	144.25
0	TSN	1000.5
0	TSNAX	886.0
0	TSPAN13	17.5
0	TSPAN19	217.5
0	TSPAN6	255.5
0	TSPAN7	0.25
0	TSPYL5	20.0
0	TSSK4	327.25
0	TTBK2	608.5
0	TTC12	215.75
0	TTC17	3999.0
0	TTC21B	923.5
0	TTC23	141.25
0	TTC26	535.25
0	TTC27	2547.25
0	TTC30A	39.0
0	TTC30B	31.75
0	TTC32	200.5
0	TTC39A	96.25
0	TTC7B	1216.5
0	TTLL4	1069.75
0	TTLL5	1620.25
0	TTN	18219.5
0	TTR	4.25
0	TTYH3	597.5
0	TUBA1A	1024.75
0	TUBA8	61.0
0	TUBB1	68.75
0	TUBGCP5	675.75
0	TUFT1	393.0
0	TULP2	4.25
0	TUNAR	35.5
0	TUSC1	0.75
0	TUT1	470.75
0	TVP23A	255.75
0	TWF2	340.25
0	TWISTNB	348.5
0	TXLNB	26.25
0	TXNDC15	1210.25
0	TXNL4B	1166.5
0	TYR	9.5
0	TYRO3	965.75
0	U2AF2	2738.0
0	U2SURP	2671.25
0	UACA	122.75
0	UAP1	1958.75
0	UBA1	8898.25
0	UBA2	2091.25
0	UBA3	3157.25
0	UBAP2	6686.0
0	UBC	8681.75
0	UBE2D1	246.5
0	UBE2D2	1770.5
0	UBE2F	824.5
0	UBE2H	1890.0
0	UBE2N	2098.25
0	UBE2O	735.75
0	UBE3A	1412.25
0	UBL3	634.25
0	UBLCP1	1637.25
0	UBN2	1418.25
0	UBP1	3336.25
0	UBR3	1164.75
0	UBR7	625.0
0	UBTF	3714.75
0	UBXN1	1018.75
0	UBXN2B	592.0
0	UBXN4	1146.0
0	UCHL1	8.0
0	UCK2	2032.0
0	UFM1	1231.5
0	UGDH	1025.25
0	UGGT1	4477.0
0	UGT1A1	86.75
0	UGT1A7	9.75
0	UGT2A1	72.25
0	UGT2B15	30.25
0	UGT2B7	0.75
0	UGT3A1	11.25
0	UHMK1	5780.75
0	UHRF2	1411.5
0	ULBP1	31.75
0	ULBP2	6.0
0	UMPS	923.5
0	UNC13C	191.5
0	UNC50	216.5
0	UNC79	68.5
0	UPF2	1661.25
0	UPK1B	441.75
0	UPK2	10.0
0	UQCRC2	2983.25
0	UQCRFS1	566.25
0	URB2	1412.25
0	URI1	1355.25
0	URM1	246.25
0	UROS	384.5
0	USP1	476.75
0	USP10	2761.25
0	USP12	1314.0
0	USP13	601.75
0	USP14	3581.0
0	USP18	44.0
0	USP19	579.75
0	USP21	513.5
0	USP22	4811.5
0	USP24	5706.25
0	USP26	6.75
0	USP29	10.0
0	USP3	3232.0
0	USP31	1104.0
0	USP32	575.0
0	USP36	5529.0
0	USP40	875.5
0	USP42	923.75
0	USP43	2.0
0	USP46	278.75
0	USP47	1547.5
0	USP49	800.75
0	USP50	3.75
0	USP51	86.75
0	USP54	654.25
0	USP6	89.0
0	USP6NL	1948.25
0	UTP14C	520.75
0	UTP20	2293.75
0	UTP6	2760.25
0	UTS2	24.25
0	UTY	1242.5
0	VAMP3	914.75
0	VAMP7	678.25
0	VAPA	2586.75
0	VAPB	1732.25
0	VASP	671.75
0	VAV3	448.25
0	VCAM1	0.5
0	VCP	5848.25
0	VCPKMT	163.75
0	VEGFA	1153.75
0	VEPH1	18.25
0	VGLL3	189.5
0	VILL	248.75
0	VIPAS39	454.75
0	VMP1	4013.75
0	VNN1	20.75
0	VNN3	28.25
0	VPS11	1793.5
0	VPS13A	1386.75
0	VPS26A	507.25
0	VPS37B	917.75
0	VPS37C	292.0
0	VPS39	3132.25
0	VPS41	1815.25
0	VPS72	351.0
0	VPS8	833.75
0	VRK3	1334.5
0	VSIG2	7.25
0	VSNL1	59.0
0	VSTM1	64.75
0	VTA1	1230.25
0	VTN	24.0
0	VWA3B	19.5
0	VWA5B1	152.5
0	VWA7	138.75
0	VWC2L	13.75
0	WASF3	8.75
0	WBP1	957.5
0	WBP1L	1501.25
0	WBP2	1728.75
0	WDFY4	248.0
0	WDR17	451.0
0	WDR18	311.0
0	WDR25	91.75
0	WDR26	4634.25
0	WDR36	2118.0
0	WDR38	12.5
0	WDR4	273.0
0	WDR45	610.0
0	WDR46	1653.25
0	WDR48	729.5
0	WDR53	216.75
0	WDR59	1260.5
0	WDR5B	332.5
0	WDR72	135.0
0	WDR75	1690.5
0	WDR82	5382.0
0	WDR92	457.5
0	WDYHV1	277.5
0	WFDC3	4.75
0	WFDC8	78.25
0	WIPF2	2638.25
0	WIPF3	53.75
0	WIPI2	778.25
0	WNK1	19520.75
0	WNK3	94.75
0	WNT16	8.0
0	WNT5B	1.0
0	WNT8B	13.25
0	WRAP53	195.0
0	WSCD1	3.75
0	WT1	21.0
0	WTAP	2198.0
0	WTIP	502.0
0	WWC1	128.25
0	WWTR1	152.75
0	XAF1	1002.75
0	XAGE5	13.5
0	XBP1	656.75
0	XDH	150.5
0	XIAP	1833.5
0	XK	2.0
0	XKR5	278.75
0	XPO1	6244.5
0	XPO6	6836.25
0	XPOT	9866.5
0	XXYLT1	212.75
0	XYLB	898.0
0	YAP1	5.0
0	YES1	823.0
0	YIF1B	229.0
0	YIPF3	1003.75
0	YIPF4	3497.5
0	YIPF6	1111.75
0	YIPF7	1.25
0	YME1L1	4868.75
0	YPEL2	782.0
0	YPEL5	2268.75
0	YTHDC1	14022.25
0	YTHDF2	1039.75
0	YWHAG	5546.0
0	ZACN	413.75
0	ZBED6CL	148.75
0	ZBTB11	1310.0
0	ZBTB14	1953.5
0	ZBTB2	541.0
0	ZBTB22	121.0
0	ZBTB24	1053.25
0	ZBTB37	2528.5
0	ZBTB38	880.75
0	ZBTB41	279.5
0	ZBTB44	4299.25
0	ZBTB45	385.0
0	ZBTB7B	1764.25
0	ZBTB7C	5.75
0	ZBTB8B	887.5
0	ZC3H12B	467.25
0	ZC3H12D	4225.5
0	ZC3H13	5074.25
0	ZC3H14	2028.25
0	ZC3H4	1443.75
0	ZDBF2	783.25
0	ZDHHC1	2.5
0	ZDHHC22	12.75
0	ZDHHC5	1223.5
0	ZDHHC9	1062.25
0	ZFAND2B	505.25
0	ZFHX3	359.0
0	ZFHX4	3.5
0	ZFP14	594.75
0	ZFP2	110.25
0	ZFP30	467.0
0	ZFP37	54.5
0	ZFP42	560.25
0	ZFP69	142.5
0	ZFP91	1372.25
0	ZFX	1589.5
0	ZG16	59.25
0	ZHX1	635.75
0	ZHX1-C8orf76	77.5
0	ZHX3	1247.0
0	ZIC5	1.25
0	ZMAT1	525.0
0	ZMYM1	213.75
0	ZMYM3	733.5
0	ZMYM4	1533.25
0	ZMYND11	1986.5
0	ZNF106	4826.75
0	ZNF107	1087.5
0	ZNF12	551.75
0	ZNF133	132.75
0	ZNF138	327.5
0	ZNF143	444.25
0	ZNF148	1223.75
0	ZNF154	583.75
0	ZNF155	114.0
0	ZNF160	1245.5
0	ZNF169	1002.0
0	ZNF175	716.75
0	ZNF180	199.75
0	ZNF181	127.75
0	ZNF197	172.5
0	ZNF20	62.75
0	ZNF205	9.25
0	ZNF211	398.0
0	ZNF215	445.25
0	ZNF217	1379.25
0	ZNF227	301.25
0	ZNF229	6.5
0	ZNF248	264.25
0	ZNF25	244.75
0	ZNF253	787.0
0	ZNF256	187.25
0	ZNF264	3954.5
0	ZNF268	977.75
0	ZNF273	1263.75
0	ZNF275	933.75
0	ZNF280C	694.5
0	ZNF280D	787.75
0	ZNF281	541.75
0	ZNF302	390.75
0	ZNF304	128.5
0	ZNF326	1445.25
0	ZNF330	775.0
0	ZNF331	2506.25
0	ZNF33B	587.5
0	ZNF343	336.5
0	ZNF350	225.0
0	ZNF365	77.5
0	ZNF37A	2910.75
0	ZNF384	3309.75
0	ZNF395	1952.25
0	ZNF396	416.25
0	ZNF398	1559.0
0	ZNF416	74.75
0	ZNF417	375.25
0	ZNF418	134.75
0	ZNF420	169.0
0	ZNF423	3.75
0	ZNF426	1048.75
0	ZNF430	1113.5
0	ZNF432	603.25
0	ZNF449	52.75
0	ZNF462	169.25
0	ZNF480	338.25
0	ZNF484	170.0
0	ZNF492	315.0
0	ZNF493	973.25
0	ZNF501	56.75
0	ZNF518B	728.0
0	ZNF527	604.75
0	ZNF532	550.25
0	ZNF534	3.25
0	ZNF544	1076.0
0	ZNF546	406.0
0	ZNF547	25.25
0	ZNF548	1303.75
0	ZNF550	560.25
0	ZNF551	868.75
0	ZNF564	243.75
0	ZNF569	112.25
0	ZNF573	906.25
0	ZNF577	305.5
0	ZNF581	211.25
0	ZNF582	47.5
0	ZNF586	602.0
0	ZNF587B	3710.5
0	ZNF594	266.5
0	ZNF595	286.25
0	ZNF599	238.75
0	ZNF606	216.75
0	ZNF607	218.0
0	ZNF608	4.0
0	ZNF614	452.25
0	ZNF619	321.0
0	ZNF621	1001.25
0	ZNF624	273.5
0	ZNF628	113.0
0	ZNF630	74.5
0	ZNF649	502.75
0	ZNF665	947.25
0	ZNF670	62.75
0	ZNF676	2.25
0	ZNF680	152.25
0	ZNF684	155.5
0	ZNF689	261.5
0	ZNF691	164.0
0	ZNF704	1235.5
0	ZNF705A	2.75
0	ZNF71	297.5
0	ZNF714	696.5
0	ZNF718	293.0
0	ZNF720	364.75
0	ZNF726	658.25
0	ZNF727	12.25
0	ZNF728	5.75
0	ZNF746	1933.0
0	ZNF75A	566.0
0	ZNF776	433.5
0	ZNF780A	482.5
0	ZNF782	236.25
0	ZNF789	820.0
0	ZNF790	292.75
0	ZNF793	2931.75
0	ZNF827	1562.25
0	ZNF83	720.5
0	ZNF836	121.5
0	ZNF839	927.0
0	ZNF888	184.25
0	ZNF91	2555.75
0	ZNF92	653.5
0	ZNF98	2.0
0	ZNFX1	2535.75
0	ZNHIT2	54.25
0	ZNHIT6	4878.5
0	ZNRD1	472.0
0	ZP2	9.25
0	ZP3	149.75
0	ZPLD1	8.25
0	ZRANB2	1441.0
0	ZRANB3	301.5
0	ZSCAN18	554.0
0	ZSCAN20	114.75
0	ZSCAN29	859.25
0	ZSCAN31	23.75
0	ZSCAN5A	218.5
0	ZW10	265.25
0	ZWILCH	535.25
0	ZWINT	187.0
0	ZXDB	671.75
0	ZYG11B	1918.5
1	ABCA7	549.5
1	ACBD4	230.0
1	ACOT9	1000.0
1	ACTG1	7703.5
1	ADRB2	60.5
1	AGFG2	3151.5
1	AGO1	2755.5
1	AHNAK2	3.0
1	AIPL1	290.0
1	AK9	622.0
1	AKT1S1	217.0
1	ALG14	787.75
1	ALKBH8	1029.25
1	AMD1	3405.75
1	AMIGO1	641.75
1	AMY2B	613.5
1	ANAPC15	1343.0
1	ANAPC7	1502.25
1	ANKRD36B	2665.5
1	AP1AR	875.25
1	AP1M1	2087.0
1	APEX1	7698.75
1	APH1A	825.25
1	APOL6	2822.25
1	ARHGEF3	5602.75
1	ARL14EP	1008.5
1	ARL2	630.5
1	ARL4D	16.0
1	ARL5C	22.75
1	ARMCX3	933.0
1	ARPP19	3337.75
1	ASAP1	5155.5
1	ASB8	800.5
1	ASIP	4.0
1	ASPM	101.5
1	ATF3	131.25
1	ATG4D	342.25
1	ATP13A1	1603.25
1	ATP6AP2	1569.75
1	AUH	267.25
1	AUTS2	1624.75
1	B3GALNT2	442.0
1	B3GALT4	39.75
1	BANP	371.25
1	BAZ1A	4214.5
1	BCAS3	588.5
1	BDH1	2259.75
1	BTG2	5507.25
1	C11orf49	376.25
1	C12orf73	334.0
1	C17orf49	340.75
1	C19orf54	399.25
1	C1GALT1C1	90.75
1	C2orf88	65.0
1	C3AR1	59.5
1	C3orf18	257.75
1	C3orf49	35.5
1	C9orf64	856.75
1	CA5B	2275.0
1	CA6	455.25
1	CABIN1	1982.25
1	CACFD1	82.75
1	CACNA1A	1999.75
1	CARHSP1	1055.25
1	CASK	2992.75
1	CATSPERG	367.25
1	CCDC125	1875.25
1	CCDC155	11.75
1	CCDC159	310.25
1	CCDC92	1044.5
1	CCNB1	104.5
1	CCNG2	417.0
1	CCNT2	1957.25
1	CCNY	2114.5
1	CCP110	1099.75
1	CCR5	391.0
1	CD226	4638.0
1	CD3E	10232.25
1	CD55	5221.5
1	CDC14A	3845.25
1	CDC20	209.0
1	CDC42SE2	7620.25
1	CDKL1	330.75
1	CDKL3	68.75
1	CDKN1B	10649.0
1	CDKN2AIP	584.5
1	CDR2L	2.75
1	CEACAM6	2.5
1	CEBPE	2.75
1	CEP120	2785.5
1	CEP70	108.75
1	CETP	141.75
1	CFD	26.25
1	CFL1	2566.25
1	CGA	7.25
1	CH25H	4.0
1	CHCHD1	120.25
1	CIRBP	3274.0
1	CLEC4C	26.25
1	CLIC1	2328.25
1	CLIP4	1854.25
1	CLN5	2352.5
1	CNPPD1	986.5
1	COMMD8	57.5
1	COPB2	2690.75
1	COPS5	1286.25
1	COQ10A	531.75
1	CP	68.5
1	CPSF6	2259.0
1	CRYGS	45.0
1	CS	4315.25
1	CSGALNACT1	462.75
1	CSRP1	914.5
1	CTDSP2	4665.75
1	CUX1	2072.25
1	CYB5R4	848.5
1	CYSLTR1	2300.75
1	DCTN4	1463.75
1	DCUN1D5	439.5
1	DDAH2	29.75
1	DDB2	1011.0
1	DDIT4	2274.0
1	DDX17	45476.5
1	DDX19B	1390.0
1	DDX25	249.75
1	DECR1	291.5
1	DENND4B	5122.75
1	DFFA	1849.0
1	DHRS1	522.0
1	DHRS11	221.5
1	DHX30	2885.75
1	DHX40	650.25
1	DHX58	151.25
1	DLG5	155.0
1	DNAJB12	618.5
1	DNAJB4	135.0
1	DNAJB6	1928.75
1	DNAJC11	1574.5
1	DNAJC14	1179.5
1	DNM2	2362.25
1	DSE	98.25
1	DUSP10	378.0
1	DUSP23	72.25
1	DVL2	369.5
1	DYM	1243.75
1	DYNC1I2	1718.25
1	DYNC2LI1	563.25
1	DYRK1A	6252.5
1	EDEM1	4571.25
1	EEF1G	24422.5
1	EEF2	32839.25
1	EFR3A	1298.0
1	EID2	90.75
1	EIF1B	96.75
1	EIF5B	18548.0
1	ELAVL1	1833.75
1	ELK4	23155.5
1	EMC4	2506.25
1	EME1	288.5
1	EML3	894.5
1	EML4	2960.75
1	ENTPD4	5006.25
1	EP300	6554.25
1	EPC1	2018.25
1	EPGN	2.0
1	ERBB3	88.75
1	ERV3-1	202.0
1	ESRRA	467.75
1	EXOSC3	1300.25
1	EXTL2	48.25
1	F12	8.5
1	FADS3	218.0
1	FAM102B	723.5
1	FAM107B	2848.75
1	FAM111A	1194.0
1	FAM114A1	113.25
1	FAM118A	765.0
1	FAM234A	276.25
1	FAM71B	3.0
1	FBXO4	117.75
1	FBXO46	395.25
1	FBXO5	383.0
1	FBXW9	39.5
1	FCAR	1568.0
1	FCMR	7757.0
1	FDX1	478.0
1	FGF11	52.75
1	FGF7	14.75
1	FIG4	151.25
1	FKBP4	10760.0
1	FLOT1	1630.25
1	FPR3	5.5
1	FRAT1	90.5
1	FUBP1	6161.5
1	FURIN	3485.25
1	FUT3	47.5
1	G3BP2	4188.75
1	GALNT5	12.0
1	GAR1	1651.25
1	GBP4	4350.25
1	GCNT3	387.75
1	GGN	10.0
1	GJB2	55.75
1	GLB1L2	283.25
1	GLIPR1	292.25
1	GLIPR1L2	316.5
1	GLRA2	18.75
1	GLRX3	960.75
1	GOT1	323.0
1	GPR107	3580.5
1	GPR183	4101.75
1	GPR22	47.25
1	GPR45	3.25
1	GPS2	1935.5
1	GSG1	479.0
1	GTF2B	594.75
1	GTPBP8	537.75
1	HAL	14.25
1	HAUS4	418.0
1	HAVCR1	84.25
1	HDAC7	2666.25
1	HDGF	1734.25
1	HILPDA	199.0
1	HIVEP3	10224.5
1	HKDC1	53.0
1	HLA-DRA	286.5
1	HNRNPH2	894.75
1	HNRNPM	8113.5
1	HNRNPUL1	12808.25
1	HOXC4	11.75
1	HPGDS	17.25
1	HSPA8	31440.75
1	HYOU1	4651.5
1	HYPK	1402.75
1	IFI44	231.0
1	IFI6	281.25
1	IGF2BP3	218.0
1	IGFBP3	21.5
1	IL17D	50.75
1	ILF2	3438.5
1	IRF2	1552.75
1	IRGQ	2301.0
1	ITGA2B	47.5
1	ITM2B	2571.5
1	IVNS1ABP	2903.5
1	JADE1	1824.5
1	KAT2B	1057.5
1	KAT5	541.75
1	KCNA2	104.75
1	KCNJ15	175.0
1	KCNJ9	150.25
1	KDM2A	4071.75
1	KDM6A	1204.75
1	KDM6B	6937.25
1	KIAA0040	1007.75
1	KIF27	234.25
1	KIF3C	551.5
1	KIFAP3	276.5
1	KLHL28	641.5
1	KLRB1	365.0
1	LACC1	32.25
1	LAMP2	2459.5
1	LCT	23.75
1	LDHA	23208.25
1	LETM2	297.5
1	LGALS8	5378.75
1	LGI1	167.75
1	LIN37	126.5
1	LINS1	1362.75
1	LMBR1L	1226.25
1	LMO2	21.0
1	LONRF1	232.25
1	LPIN1	2652.25
1	LRFN3	168.5
1	LRP5L	180.25
1	LRRFIP2	989.5
1	LRTOMT	1349.75
1	LSM14A	6732.0
1	LSP1	742.5
1	LYSMD3	434.5
1	MADD	4332.5
1	MAGEH1	321.5
1	MAGOHB	165.75
1	MAP2K4	895.5
1	MAP2K5	740.25
1	MAP3K8	214.75
1	MAP3K9	540.75
1	MAPRE3	73.75
1	MDP1	74.5
1	MED15	4042.5
1	METTL23	187.25
1	MICB	597.25
1	MIDN	965.0
1	MKKS	163.25
1	MMAA	661.0
1	MMRN2	30.75
1	MPND	97.75
1	MRPL53	341.0
1	MRPS31	943.0
1	MSANTD2	385.25
1	MSH5	1619.5
1	MTMR4	1370.0
1	MTRR	1570.0
1	MXD1	629.75
1	MYCBP	456.25
1	MYCL	5.75
1	MYL12A	1767.25
1	MYO9B	1642.0
1	NAB1	843.75
1	NADK	874.0
1	NAGK	1007.75
1	NARF	1335.25
1	NAT10	4291.5
1	NBPF1	532.75
1	NDUFA1	241.0
1	NDUFA4L2	77.25
1	NDUFA5	424.75
1	NEK7	1005.0
1	NEURL3	14.25
1	NFYA	1455.0
1	NKAPL	6.0
1	NME2	1506.25
1	NOD1	150.25
1	NOL11	1689.5
1	NPR2	92.25
1	NR3C1	1596.75
1	NRCAM	27.75
1	NRN1L	19.0
1	NRXN1	93.0
1	NRXN2	5.75
1	NT5E	76.5
1	NTRK1	40.0
1	NUTF2	1355.0
1	NXF1	4206.75
1	NXPH3	32.5
1	OARD1	774.75
1	OCIAD1	1443.75
1	ODF2	1807.75
1	OGT	24942.0
1	OLFML3	8.75
1	OR2M4	164.5
1	OR52N2	0.5
1	ORMDL3	829.75
1	OSBPL3	1745.0
1	OSGEP	1203.25
1	OSGEPL1	297.25
1	OVCA2	0.75
1	OXSM	96.25
1	PAN2	1301.0
1	PARP16	260.75
1	PBLD	323.25
1	PBXIP1	1215.5
1	PCF11	5545.0
1	PCNX4	1553.0
1	PCSK5	245.75
1	PDE7A	4088.0
1	PDHA1	1508.25
1	PDK3	984.25
1	PDSS1	286.75
1	PER1	2047.25
1	PHF20	1274.25
1	PHF21A	2498.75
1	PHGDH	611.0
1	PHTF1	251.5
1	PIK3C2B	1313.75
1	PIK3R1	4982.25
1	PIK3R4	379.25
1	PISD	1029.25
1	PJA2	1736.5
1	PLEKHA1	2083.25
1	PLEKHA2	2483.25
1	PLEKHB1	366.75
1	PLEKHM3	962.75
1	PNOC	4.75
1	PNPLA1	112.5
1	POGZ	7487.75
1	POLG	1688.75
1	POLG2	382.25
1	POLR2B	1685.25
1	PPM1B	1878.0
1	PPP1R12B	1245.0
1	PPRC1	3687.0
1	PRDM8	252.0
1	PRDX4	254.0
1	PRLR	12.0
1	PRMT5	1456.25
1	PROSER2	16.5
1	PRPF19	1858.5
1	PRPF39	625.0
1	PSMA6	2509.5
1	PSMA7	2775.25
1	PSMB1	604.5
1	PSMD6	3579.75
1	PTGER4	1722.75
1	PTK2	1052.5
1	PXK	1196.25
1	PYM1	407.25
1	RAB30	544.75
1	RAB8A	3159.0
1	RAD51B	175.25
1	RAD51C	1359.0
1	RAD51D	1008.0
1	RANBP9	1914.25
1	RAP2B	1988.25
1	RARA	780.75
1	RASL11B	103.0
1	RBBP4	2303.0
1	RBBP8	760.25
1	RBM17	1434.0
1	RBM25	11186.25
1	RBM3	3140.25
1	RER1	1092.0
1	RERG	113.25
1	RFXANK	198.75
1	RGMB	313.5
1	RHOF	1199.75
1	RNASEH2A	563.25
1	RNASEL	289.75
1	RNF113A	497.0
1	RNF157	3204.5
1	RNF224	6.5
1	RNF7	590.0
1	RNH1	1068.5
1	RPF1	1786.0
1	RPL17-C18orf32	116.0
1	RPL23	10614.5
1	RPL24	4377.25
1	RPL27	5265.0
1	RPL28	17644.5
1	RPL32	5117.25
1	RPL39	1179.25
1	RPS2	15859.25
1	RPS6KB2	1282.5
1	RPSA	9454.5
1	RREB1	2791.5
1	RSRC1	718.0
1	RUBCN	3310.75
1	RUNX3	5459.5
1	S100A12	0.75
1	SAMD9	290.75
1	SART3	3865.25
1	SAXO1	72.0
1	SCAMP3	1742.25
1	SCAP	1505.5
1	SCG5	3.25
1	SCOC	205.5
1	SCYL1	610.0
1	SDCBP2	10.25
1	SDHC	1194.25
1	SECISBP2	2354.0
1	SELPLG	5435.75
1	SEMA3A	5.5
1	SENP6	2797.0
1	SEPHS1	1114.0
1	SF3B5	303.75
1	SH2D4B	2.5
1	SH3GLB1	750.0
1	SH3KBP1	14088.75
1	SIAE	852.25
1	SIDT2	1356.75
1	SIKE1	790.25
1	SLAIN1	738.5
1	SLC14A1	422.5
1	SLC17A7	55.75
1	SLC20A1	1689.75
1	SLC25A12	466.25
1	SLC25A25	415.25
1	SLC25A44	3661.75
1	SLC26A5	14.5
1	SLC27A4	259.25
1	SLC35B2	497.75
1	SLC6A13	3.25
1	SLC9A1	654.5
1	SLC9B2	593.25
1	SLMAP	3267.25
1	SLU7	719.25
1	SMCHD1	4188.25
1	SMU1	2827.5
1	SMYD2	946.25
1	SNAPIN	96.0
1	SNRPA	1494.5
1	SNRPG	301.25
1	SNX18	549.25
1	SOD1	2272.25
1	SORL1	8774.0
1	SPAST	2386.0
1	SPEN	6561.75
1	SPINK2	1.5
1	SPOCK2	15768.75
1	SPSB2	209.25
1	ST6GALNAC1	126.75
1	STAT5A	3114.0
1	STAT5B	4271.0
1	STIL	271.75
1	STK17A	1653.25
1	STRAP	1818.0
1	STXBP2	1078.75
1	SULT1A2	19.5
1	SUPT3H	570.0
1	SUSD6	3659.75
1	SV2A	189.75
1	SYNPO2	118.75
1	SYNPO2L	72.5
1	TACC1	8159.0
1	TACC3	2525.0
1	TAF13	156.5
1	TAF4B	656.5
1	TAPBPL	799.25
1	TBC1D1	1435.5
1	TBC1D30	210.25
1	TCEA1	2947.0
1	TCN1	9.25
1	TDRD12	140.75
1	TESK2	146.5
1	TET2	2531.25
1	THG1L	452.0
1	TIA1	2424.25
1	TIMM10B	709.5
1	TIMMDC1	365.5
1	TLCD2	793.25
1	TM2D3	1660.0
1	TM4SF20	116.5
1	TMCC2	81.25
1	TMEM106A	883.25
1	TMEM106B	1414.5
1	TMEM107	174.5
1	TMEM14C	176.0
1	TMEM179B	661.5
1	TMEM18	1618.75
1	TMEM232	31.25
1	TMEM38B	222.0
1	TMEM39A	1018.25
1	TMPO	3683.75
1	TNFRSF9	3234.75
1	TNIK	1602.75
1	TNPO2	6955.5
1	TNRC6B	5642.5
1	TOB1	3752.75
1	TOR1AIP1	2180.5
1	TPI1	3686.0
1	TRABD	1560.75
1	TRAF7	720.5
1	TRAK2	1225.25
1	TRIM69	1710.0
1	TRMT1	1004.75
1	TRPC3	9.25
1	TSC22D1	430.5
1	TSC22D4	439.5
1	TSG101	1745.25
1	TSHR	313.75
1	TSHZ1	666.75
1	TSR2	2708.5
1	TUBA1B	40001.5
1	TUBD1	1217.75
1	TXNDC9	285.0
1	TXNRD1	1846.5
1	UBA52	5957.25
1	UBALD2	1698.5
1	UBB	2854.25
1	UBE2E1	2252.25
1	UBE2I	4657.5
1	UBE2L6	2028.75
1	UBL7	951.5
1	UBTD2	136.75
1	UCHL5	2680.0
1	UMODL1	0.5
1	UNG	557.25
1	USP11	822.75
1	USP16	1201.0
1	USP33	3837.5
1	UST	413.5
1	UTP14A	3024.25
1	UTP15	964.0
1	UTRN	3685.25
1	UTS2B	318.75
1	UXS1	1249.5
1	VAMP8	198.25
1	VBP1	435.5
1	VGLL4	928.75
1	VRK2	317.75
1	WDR13	1108.5
1	WDR66	1122.5
1	WRNIP1	716.75
1	XCL2	78.25
1	YARS2	271.0
1	YBX1	57087.0
1	ZBTB18	459.25
1	ZBTB33	1681.25
1	ZC3H7A	1220.75
1	ZCCHC7	1147.25
1	ZCCHC8	1844.75
1	ZCCHC9	1376.25
1	ZFAND3	504.5
1	ZHX2	1610.0
1	ZKSCAN8	1365.25
1	ZMAT2	982.5
1	ZMYM5	1387.5
1	ZNF100	757.25
1	ZNF121	3759.5
1	ZNF2	121.0
1	ZNF207	10505.25
1	ZNF222	25.5
1	ZNF230	460.25
1	ZNF235	107.75
1	ZNF260	491.5
1	ZNF28	441.0
1	ZNF329	438.75
1	ZNF414	514.0
1	ZNF436	104.0
1	ZNF461	223.0
1	ZNF473	193.75
1	ZNF487	107.0
1	ZNF496	351.25
1	ZNF506	2692.75
1	ZNF530	174.75
1	ZNF559-ZNF177	59.25
1	ZNF561	454.75
1	ZNF562	2974.0
1	ZNF565	61.0
1	ZNF566	432.5
1	ZNF574	458.5
1	ZNF585A	894.5
1	ZNF585B	812.5
1	ZNF616	307.0
1	ZNF646	761.5
1	ZNF652	1349.5
1	ZNF66	226.25
1	ZNF681	493.0
1	ZNF700	544.0
1	ZNF737	254.75
1	ZNF81	447.25
1	ZNF846	185.5
1	ZNF90	1002.75
1	ZSCAN23	11.0
2	ABCD2	209.75
2	ABCD3	1020.25
2	ABHD2	2812.25
2	ABR	2579.0
2	ACKR2	150.75
2	ACTL6A	1353.25
2	ACTR8	518.25
2	ADAMTS6	33.0
2	ADAR	13712.5
2	ADH5	767.0
2	ADIPOQ	164.5
2	AFF1	4759.25
2	AFF3	1211.75
2	AGBL3	94.0
2	AGO3	3415.25
2	AIFM1	1066.5
2	AJUBA	81.0
2	ALDH4A1	62.75
2	AMBRA1	1016.0
2	AMZ2	1129.75
2	ANKRD12	2838.75
2	ANKRD6	198.0
2	ANP32E	14317.25
2	AP2M1	1775.75
2	AP4B1	956.5
2	ARF4	706.75
2	ARHGAP15	1290.5
2	ARHGEF37	9.5
2	ARRDC3	1620.0
2	ART4	120.5
2	ASIC1	90.25
2	ATG4C	100.0
2	ATM	11059.5
2	ATN1	3135.5
2	ATP6V1G1	386.75
2	ATP7A	895.5
2	ATP8B2	4447.5
2	ATXN7L3	1304.5
2	BAG6	4628.5
2	BBS5	132.5
2	BCKDHB	427.5
2	BNIP3L	461.5
2	BORCS5	410.5
2	BRF2	133.25
2	BTAF1	4198.25
2	BUD31	657.5
2	C17orf75	964.75
2	C1GALT1	704.0
2	C1orf109	472.0
2	C1orf56	193.0
2	C22orf46	61.0
2	C4BPB	804.25
2	C4orf3	774.75
2	C4orf36	79.75
2	C6orf226	13.75
2	CAMK2G	1531.5
2	CASC4	3505.25
2	CASP10	1189.5
2	CATIP	357.25
2	CCDC113	125.75
2	CCDC134	61.5
2	CCDC142	415.0
2	CCDC7	228.0
2	CCDC80	183.75
2	CCDC97	1144.75
2	CCL27	93.75
2	CD1C	6.25
2	CD40LG	4241.0
2	CD79A	12.0
2	CDK12	3888.5
2	CDK17	1277.5
2	CDK6	17407.0
2	CDKN2C	16.75
2	CEP55	86.0
2	CEP85L	1908.5
2	CFAP54	1402.25
2	CHODL	16.0
2	CIC	1601.5
2	CKAP2	316.5
2	CLHC1	116.25
2	CLTA	1268.75
2	CNPY3	1047.0
2	COASY	1004.25
2	COPE	1565.25
2	COPS4	564.0
2	COX4I1	3869.75
2	CRADD	251.5
2	CSK	2043.5
2	CTDSP1	645.5
2	CTPS1	4540.0
2	CUTA	459.0
2	CWC27	601.75
2	CXCL9	118.5
2	CXXC5	190.0
2	CYP8B1	71.75
2	CYTH1	6014.25
2	DAPK3	228.5
2	DCAKD	990.0
2	DCK	508.25
2	DCP2	968.0
2	DDI2	5270.0
2	DENND5A	937.5
2	DHDDS	1136.75
2	DHX35	876.5
2	DKK4	1.75
2	DNAAF1	806.0
2	DNMT3B	39.75
2	DUSP11	1756.5
2	DUSP18	399.0
2	DYRK2	7836.5
2	EBLN2	991.25
2	ECH1	2171.25
2	EFCAB7	131.25
2	EIF2B3	556.0
2	EIF4E	3182.75
2	EIF4EBP3	22.25
2	ENSA	3307.0
2	EPHA4	423.5
2	ERP27	651.25
2	ETV4	40.25
2	EXOSC2	1761.5
2	EYA3	2407.5
2	FAM110D	132.75
2	FAM122C	1704.0
2	FAM156A	269.75
2	FAM169A	277.5
2	FAM184A	363.75
2	FAM53C	1779.25
2	FASTKD1	367.0
2	FBL	5156.5
2	FBXL5	562.5
2	FBXL8	121.25
2	FBXO9	994.5
2	FCGR2A	58.0
2	FH	588.5
2	FLAD1	722.5
2	FMN1	1795.0
2	FOSB	868.25
2	FUT8	1794.75
2	FUZ	71.5
2	GCLM	1457.5
2	GEMIN5	1209.25
2	GGCX	709.5
2	GINS4	512.5
2	GJA9	11.0
2	GLA	434.25
2	GNAI2	5953.0
2	GPR171	696.5
2	GPRC5B	39.25
2	GRAMD1C	71.0
2	GRAP2	3120.25
2	GSS	1056.25
2	GSTM4	204.5
2	GTF2E1	379.5
2	HERC5	291.5
2	HEXIM2	54.0
2	HFE	521.25
2	HIGD1A	1363.25
2	HINT1	1475.25
2	HK1	2042.75
2	HLA-F	1711.25
2	HNRNPA2B1	57022.0
2	HNRNPD	14862.25
2	HNRNPU	46714.25
2	HNRNPUL2	3843.25
2	HOMER2	232.25
2	HSPA4	4190.5
2	HTR1D	50.25
2	IGSF11	41.75
2	IGSF6	317.5
2	IL1R2	157.75
2	IL21R	2002.5
2	IL6ST	16351.75
2	INO80C	682.25
2	INPP4A	3424.25
2	INPP5K	769.75
2	IRF3	1797.0
2	ISG20	802.5
2	ITGA5	740.0
2	KANSL1L	407.5
2	KBTBD7	85.75
2	KCNE5	11.25
2	KIAA1324L	104.75
2	LCMT1	381.5
2	LHPP	227.0
2	LIN28A	294.5
2	LNP1	50.5
2	LRBA	4059.5
2	LST1	106.75
2	LTA4H	2188.75
2	LUC7L	3983.0
2	LYPLA1	1476.5
2	LYRM9	82.75
2	MAML3	140.75
2	MAP3K1	2146.0
2	MAP3K2	2701.5
2	MCM10	1628.25
2	MED16	473.0
2	MMACHC	779.25
2	MORF4L2	672.25
2	MOV10	1061.75
2	MPZ	157.25
2	MRPL4	1866.75
2	MRPS21	1952.75
2	MTMR1	1408.5
2	MTPAP	1653.0
2	MUC1	114.0
2	MYL12B	897.75
2	MYLPF	7.75
2	MYT1L	1704.5
2	NAA50	3389.75
2	NCK2	3070.75
2	NCR3	110.5
2	NDUFAF3	1748.0
2	NDUFB4	599.0
2	NDUFB6	618.5
2	NEK8	262.0
2	NEK9	1831.25
2	NELL2	4895.5
2	NFATC1	2047.75
2	NFATC2	8074.5
2	NFKBIL1	55.25
2	NICN1	473.5
2	NIN	5619.0
2	NME1	1084.0
2	NME4	852.75
2	NOL4L	5779.25
2	NONO	17321.0
2	NOP10	884.25
2	NOP2	665.5
2	NPC1	2817.25
2	NR2C2AP	582.0
2	NSUN6	391.0
2	NUDT2	219.75
2	NUMB	3052.75
2	NUP62	2692.25
2	NUTM1	12.5
2	NXT2	178.5
2	PATL2	403.75
2	PCBP2	12616.25
2	PCDHGA12	3.0
2	PDK2	640.0
2	PDP1	1169.0
2	PDS5A	4558.75
2	PHF1	1129.0
2	PICK1	307.0
2	PIGH	577.25
2	PIK3IP1	2718.75
2	PKM	16657.5
2	PLAC8	1389.75
2	PMPCB	1135.25
2	PNO1	2066.5
2	POC5	187.75
2	POLD1	604.25
2	PON1	4.75
2	PPM1K	1715.0
2	PPM1M	1154.75
2	PPP1R10	3933.5
2	PPP1R7	806.5
2	PPT2	384.0
2	PRKAR1A	5119.0
2	PRKRIP1	1094.75
2	PRND	178.5
2	PRPF31	597.5
2	PRRG2	3.0
2	PSD4	12652.0
2	PSIP1	4518.5
2	PSMA5	4374.0
2	PSMG4	777.0
2	PTK2B	2549.25
2	PTPRE	848.25
2	PUM3	1248.5
2	PXN	3727.75
2	RABAC1	420.75
2	RABGAP1	798.0
2	RAD1	927.5
2	RAMP3	3.75
2	RBM27	1676.0
2	RBX1	752.5
2	RIMKLB	202.0
2	RIOK2	433.0
2	RMDN1	738.5
2	RNFT1	453.25
2	RPL23A	5800.25
2	RPL34	5250.25
2	RPL6	23146.75
2	RPL7A	11013.0
2	RPP30	947.25
2	RPS10-NUDT3	8305.25
2	RPS11	16230.0
2	RPS12	7762.0
2	RPS14	5172.75
2	RRAGB	274.0
2	RRAGC	774.0
2	RRP12	2000.75
2	S100A2	2.0
2	SACM1L	1821.5
2	SAMD3	575.25
2	SCAMP1	613.25
2	SCFD2	1076.25
2	SCN2B	66.75
2	SEC24A	3227.5
2	SEC61A1	3488.25
2	SEMA4A	560.75
2	SERTAD1	329.0
2	SF1	9127.5
2	SF3B4	1131.0
2	SFPQ	12591.75
2	SH2D1A	385.75
2	SH3BGRL3	18624.75
2	SH3BP5L	179.5
2	SIRT4	6.75
2	SLC27A3	46.75
2	SLC35F5	846.75
2	SLC4A9	4.0
2	SLC50A1	1374.25
2	SLC7A6	2647.25
2	SLC7A7	333.0
2	SMIM5	78.75
2	SMNDC1	829.25
2	SNRPB2	704.0
2	SORT1	229.5
2	SOX12	134.5
2	SPHK2	561.0
2	SPIB	277.25
2	SPRY1	558.75
2	SPTLC2	1287.25
2	SRSF1	2599.0
2	SSRP1	5098.75
2	ST3GAL6	103.5
2	ST6GAL1	5080.0
2	STAG2	2683.25
2	STK17B	8933.0
2	STOML2	1425.5
2	SUDS3	697.0
2	SUFU	709.75
2	SYS1	846.75
2	SYVN1	1751.25
2	TAF7	1600.25
2	TBCCD1	1266.5
2	TCEANC	190.75
2	TCF3	2590.75
2	TET1	192.0
2	TEX264	323.75
2	THEM4	2406.5
2	TLR1	145.5
2	TMED10	2425.5
2	TMEM139	23.5
2	TMEM140	858.5
2	TMEM141	78.75
2	TMEM253	11.5
2	TMEM30A	605.75
2	TMEM63C	14.0
2	TMF1	1177.0
2	TMPRSS7	13.0
2	TMSB4X	3545.25
2	TNF	20943.0
2	TNFAIP8	1767.75
2	TNK2	70.5
2	TNRC6C	5537.75
2	TOR3A	364.25
2	TRADD	404.0
2	TRAPPC3L	93.75
2	TRAPPC6B	224.5
2	TRIM35	771.0
2	TRMT10C	747.75
2	TSC22D3	2880.5
2	TSPAN14	3496.5
2	TTC1	1604.75
2	UBE2C	117.75
2	UBE4B	1993.75
2	UBR1	1600.25
2	UCP2	6880.5
2	UFC1	887.0
2	USP48	3042.0
2	UTP23	418.0
2	VEZF1	2920.5
2	WNT7A	235.75
2	XPO7	4884.5
2	YOD1	300.0
2	YPEL3	543.75
2	ZBED4	742.25
2	ZBTB20	3644.25
2	ZBTB39	1111.25
2	ZC3H10	395.5
2	ZC3H12A	843.5
2	ZC3H15	1792.75
2	ZC3HC1	241.5
2	ZC4H2	598.0
2	ZDHHC14	262.25
2	ZEB1	2858.75
2	ZFAND4	659.75
2	ZFP90	1596.25
2	ZNF157	328.75
2	ZNF182	189.0
2	ZNF19	275.5
2	ZNF24	946.75
2	ZNF324	257.5
2	ZNF385A	198.0
2	ZNF397	2282.25
2	ZNF410	929.0
2	ZNF43	769.75
2	ZNF446	60.75
2	ZNF567	447.0
2	ZNF570	786.0
2	ZNF747	394.75
2	ZNF805	219.0
2	ZNF808	664.25
2	ZNF831	394.0
2	ZNF852	147.75
2	ZRSR2	408.0
3	ACADVL	1629.25
3	AHNAK	18251.25
3	ANAPC1	4128.0
3	ANKRD13D	512.5
3	AP1M2	4.0
3	APMAP	1070.0
3	APOBEC4	8.5
3	APOE	184.25
3	AQP10	3.75
3	ARL6IP5	2069.0
3	ARMC12	5.25
3	ARMC8	1907.0
3	ASTL	13.75
3	ATAD5	1171.5
3	ATP23	162.25
3	B2M	6762.5
3	B3GALT2	136.0
3	BBC3	23.25
3	BCL3	995.0
3	BCLAF1	10769.0
3	BOD1	324.75
3	BTLA	346.75
3	C21orf91	862.25
3	C5orf58	70.25
3	C6orf89	1327.5
3	C7orf25	86.0
3	CALCOCO1	2369.5
3	CCDC82	602.5
3	CCNB1IP1	588.25
3	CCND2	42824.75
3	CD63	1255.5
3	CD69	3695.0
3	CD96	3771.75
3	CDC42EP1	28.0
3	CDK7	571.25
3	CHCHD5	234.75
3	CLN8	839.25
3	CLP1	141.5
3	CNTRL	4767.25
3	COL28A1	183.75
3	COX20	1250.5
3	CREB3L2	1971.25
3	CXCL17	5.5
3	DBF4B	628.75
3	DBNL	1613.5
3	DCDC2B	100.0
3	DDX5	19588.25
3	DEF6	1944.75
3	DHTKD1	570.75
3	DHX8	1304.5
3	DIAPH1	6861.25
3	DPH1	2045.5
3	DPP9	1581.5
3	EFNA4	110.5
3	ELOF1	2768.0
3	ERBIN	1729.5
3	FAM102A	12412.75
3	FCGRT	202.5
3	FER	400.25
3	FLNA	5738.25
3	FOXP3	1620.25
3	GAB2	296.75
3	GATA3	2155.0
3	GBP1	2384.75
3	GIT1	3045.5
3	GNGT2	56.0
3	GPX8	65.25
3	GSTA4	37.5
3	HERPUD2	3365.0
3	HEXA	1077.25
3	HIBADH	286.5
3	HNRNPL	1879.75
3	HSD17B14	11.5
3	IMPDH1	446.5
3	INTS3	2168.5
3	KDM8	156.0
3	KIAA1671	448.5
3	KIF14	97.25
3	KIF2A	3356.75
3	KLHDC9	15.0
3	KLHL3	895.0
3	KMO	58.25
3	LCLAT1	1837.75
3	LCP1	21299.0
3	LDLRAD4	948.75
3	LPIN2	2071.75
3	LRIF1	318.0
3	LRRC8D	895.75
3	MAPK1	5844.5
3	MAT2A	7030.0
3	MECP2	1489.5
3	MED12	3273.0
3	METTL1	372.0
3	MFSD11	374.5
3	MFSD6	1858.5
3	MGAT5	4454.5
3	MICAL3	2286.75
3	MKLN1	2482.75
3	MLH1	1029.75
3	MLLT10	2032.75
3	MMRN1	5.5
3	MPV17	1965.0
3	MPZL1	607.5
3	MROH8	33.75
3	MTOR	2551.25
3	MXI1	1340.0
3	MYL6B	159.25
3	MYLK4	47.0
3	MYOF	1646.5
3	NDUFV2	1256.5
3	NEMF	1384.25
3	NFE2L2	2236.5
3	NOG	98.0
3	NQO2	505.75
3	NUP107	1863.75
3	NXPE3	879.75
3	ORMDL2	501.0
3	P2RY8	2176.75
3	PAFAH2	490.0
3	PCED1B	2724.0
3	PDE12	3872.5
3	PECAM1	951.75
3	PFAS	1931.0
3	PFDN5	1802.0
3	PHC2	267.25
3	PHC3	17864.75
3	PIGT	3581.5
3	PIM2	5169.25
3	PLEKHB2	2408.75
3	POLI	211.75
3	PPCDC	172.0
3	PPP1R11	1812.75
3	PPP1R15A	1706.25
3	PPTC7	5015.0
3	PRDM2	3957.75
3	PSMC4	1660.25
3	PTPRK	249.75
3	PVRIG	273.25
3	PXYLP1	393.5
3	PYGO2	576.75
3	RAD18	680.25
3	RASSF3	2098.75
3	RDH11	486.25
3	RGS1	897.75
3	RHOH	3807.75
3	RIBC1	37.75
3	RNF125	2745.0
3	RNF145	961.5
3	RPL26	833.0
3	RPL37	11967.25
3	RPS26	4579.0
3	RPS3A	11080.75
3	RTN4	943.5
3	RUFY3	262.0
3	S100A5	13.5
3	SAMM50	1638.0
3	SCAF1	374.5
3	SEC14L1	876.5
3	SERTAD2	1514.25
3	SHMT2	3693.75
3	SLC38A1	10500.75
3	SMOX	80.75
3	SOCS2	384.75
3	SRA1	240.75
3	SRP54	756.5
3	STK33	295.75
3	STPG1	429.75
3	SUMO2	1669.25
3	TAGAP	2172.75
3	TBCC	120.75
3	TEDDM1	45.5
3	TFDP2	939.75
3	TGFB3	190.5
3	TLK1	9040.5
3	TMEM123	4702.25
3	TMEM126A	363.0
3	TMEM88	198.25
3	TMEM92	12.0
3	TOMM7	439.0
3	TP53BP2	3141.0
3	TPT1	120070.25
3	TRAT1	3608.0
3	TSPAN31	620.5
3	TSTD1	318.5
3	UBAP2L	9235.5
3	UBE2D3	40025.5
3	USP34	4110.75
3	VAMP1	1057.0
3	VANGL1	275.25
3	VIM	5958.5
3	WDR74	790.0
3	WDR89	607.25
3	ZFAND6	413.5
3	ZFAT	532.75
3	ZFP36L1	11265.0
3	ZNF345	642.5
3	ZNF580	571.0
3	ZNF639	2188.0
3	ZNF75D	225.5
3	ZNF792	218.0
4	ABLIM1	6742.75
4	ABLIM3	1.5
4	ACBD5	796.0
4	AHCYL2	844.5
4	ANKRD42	374.0
4	APOA2	6.0
4	APOH	10.5
4	ARHGAP5	898.0
4	ARID1B	6652.0
4	ARRB2	3380.0
4	ASCC1	567.5
4	BCL11B	5429.5
4	BRD2	9207.5
4	BUB3	2701.25
4	CASP8	2632.75
4	CD160	214.0
4	CDKL4	2.0
4	CLK1	1997.25
4	COX7A2	657.75
4	CRLF3	3889.25
4	CSDE1	11024.0
4	DDX23	1595.25
4	EFCAB5	87.75
4	EIF3A	18364.25
4	EML2	1054.75
4	ESYT1	6408.75
4	EZH2	1717.25
4	F5	6849.0
4	FAM13B	1112.0
4	FYN	5506.75
4	GAD1	18.5
4	GHRL	180.75
4	GIMAP7	1244.25
4	GLRX	1059.75
4	HNRNPA1	26081.0
4	HOXB3	162.0
4	ICA1L	745.75
4	IDH1	158.5
4	ING1	389.0
4	INTS6	7115.5
4	IQGAP1	8474.0
4	IQGAP2	3172.5
4	KLHL12	407.25
4	LMTK3	58.5
4	LPXN	1354.0
4	LSG1	1081.75
4	MAP3K7CL	53.5
4	MAPKBP1	694.0
4	MBP	2289.5
4	MFN1	451.75
4	MPP7	561.25
4	MTIF3	145.5
4	MTSS1	689.75
4	NANS	670.0
4	NCOA7	2196.5
4	NDUFC1	81.5
4	NET1	881.75
4	NR4A3	608.5
4	NRF1	487.0
4	NUP205	1613.5
4	PDE4D	2370.0
4	PDGFRA	24.25
4	PEX26	5867.5
4	PHF7	70.0
4	PIGN	17267.25
4	PIGV	103.25
4	PIH1D1	251.25
4	PKD1L1	261.75
4	PLOD3	430.5
4	PLXDC1	482.0
4	PMEL	201.75
4	PPIH	198.0
4	PRDM1	13954.25
4	PSMA1	1313.5
4	RBKS	65.0
4	RBM39	6845.0
4	RFX2	273.75
4	RHOBTB3	464.75
4	RPS20	4294.0
4	RRM2	748.25
4	RTCA	2636.5
4	RXFP4	52.5
4	S100A10	1114.0
4	S100A4	228.5
4	SATB1	12114.0
4	SELL	4288.25
4	SH3BP5	1609.0
4	SLC25A46	1454.75
4	SLC7A8	264.0
4	SOS1	2225.75
4	SPRY2	10.5
4	SREK1	2947.0
4	STAT6	7684.75
4	STMN1	523.0
4	STX3	300.0
4	TCTN3	628.25
4	TIPARP	958.0
4	TPD52	1089.5
4	TRABD2A	3360.25
4	UBE4A	5188.25
4	UROD	936.0
4	ZAP70	3819.25
4	ZNF319	490.25
4	ZNF557	1139.75
5	AKAP8L	602.5
5	AKTIP	785.75
5	ARHGAP9	2610.5
5	ARHGDIB	15178.25
5	ARID5B	7021.0
5	BCL2L1	1270.0
5	BIRC3	1957.25
5	BLMH	779.5
5	CD2	6794.25
5	CFLAR	13142.0
5	CLN3	1748.75
5	CRTAM	288.5
5	CXorf65	278.5
5	DDIAS	341.0
5	DDX39B	11465.75
5	DENND2D	2027.25
5	DNAJC7	4776.5
5	EHD1	1325.5
5	EIF5A	12733.25
5	ELAC2	1791.75
5	ELF1	3459.5
5	ELMO1	5598.5
5	EMP3	925.75
5	ERMN	135.25
5	FAM214B	59.75
5	FAM32A	533.5
5	FOS	1650.25
5	GABARAP	478.5
5	GPR18	551.25
5	GRK5	351.5
5	HIVEP2	5555.75
5	HMGB1	3061.25
5	HMGN4	225.75
5	HPS3	611.75
5	HPX	110.75
5	IL6	23.25
5	IRF2BPL	231.0
5	KMT2E	4852.75
5	LAIR1	1322.5
5	MAN1C1	1451.0
5	MASTL	744.0
5	MAT2B	1336.0
5	MED7	143.5
5	MRO	127.5
5	MRPL1	245.25
5	MTA3	648.5
5	MTUS1	44.5
5	NGDN	744.5
5	PPHLN1	5641.75
5	PTP4A2	3644.5
5	RASGRP3	2868.75
5	RBM42	619.5
5	RBM4B	881.5
5	RBMX	3167.5
5	RFFL	1573.25
5	RRH	5.5
5	SCML4	1846.75
5	SH2D6	37.25
5	SLC3A2	2811.25
5	SMG6	1210.75
5	STIM2	3292.5
5	TMEM248	2780.25
5	TSPAN1	6.5
5	ZMAT3	962.0
6	ACOT7	1279.25
6	ACTB	55244.25
6	ATP2B4	2634.25
6	AXDND1	4.0
6	CLIP1	9147.0
6	CPEB4	1352.25
6	EZR	6588.75
6	FBXL14	582.5
6	FBXO34	726.5
6	FEM1A	1865.5
6	GDPD5	622.75
6	HNRNPK	20953.25
6	IL2RG	12054.5
6	KAT7	3177.5
6	MLLT6	12935.25
6	MND1	112.25
6	MR1	1027.5
6	NACA	8553.75
6	NDUFAF6	544.75
6	NECAP1	1880.25
6	ODF2L	1970.25
6	PPIL4	684.75
6	RAPGEF1	3387.75
6	RASGEF1B	1034.75
6	RGS16	660.5
6	RPL21	8444.75
6	RSPH3	602.0
6	SGK1	1278.25
6	SLC35A2	337.5
6	SPG11	2235.25
6	SRGN	2022.25
6	SRSF7	4726.75
6	TESPA1	3717.5
6	TRAPPC3	258.75
6	TTK	82.75
6	TXK	1004.5
6	UBAC2	747.75
6	VPS45	552.75
7	ABHD10	1060.75
7	BCL2	10518.5
7	BMI1	1017.75
7	CD28	9913.5
7	CD3D	2946.25
7	CNOT6L	7363.25
7	CREM	1017.5
7	DIP2B	3250.75
7	ERCC1	713.0
7	FOXO4	292.5
7	FOXP1	21622.5
7	GPBP1	2687.0
7	KRR1	840.0
7	LIMS1	1948.75
7	MSL3	2274.75
7	MYNN	322.75
7	NR4A2	1676.5
7	P2RY14	38.5
7	PCCA	1801.75
7	PHF19	1080.25
7	PRIM2	464.5
7	SLC2A3	3630.5
7	SLFN12L	1283.0
7	SRSF3	8767.25
7	SRSF5	15831.0
7	SYTL3	1447.0
7	TTF2	1019.25
7	ZMYND8	2258.25
8	ADNP	1315.25
8	EEF1A1	112645.25
8	FBXL19	310.0
8	GIMAP8	458.5
8	MUCL1	0.5
8	NFKBIZ	9886.25
8	PHC1	3029.0
8	RFC4	446.75
8	SARAF	7251.5
8	ST3GAL5	1225.25
8	TLCD1	100.25
8	ZNF219	107.25
9	ARID1A	12452.0
9	CALM1	7368.5
9	CCDC88C	3081.25
9	CCR4	3127.0
9	CDK19	324.25
9	DYNLT1	1252.5
9	FCRL6	7.25
9	GALNT4	752.25
9	GMEB1	2026.0
9	HNRNPH1	20557.75
9	LYRM7	3170.0
9	NHEJ1	223.0
9	PRKACB	1131.0
9	SLFN5	4502.25
9	STAT4	2237.0
9	UBXN11	580.0
9	UGP2	1697.0
9	USF1	214.25
9	WNT10A	38.25
9	ZNF518A	329.25
10	BCL6	1188.75
10	CACYBP	1830.0
10	DDX18	6613.75
10	HAX1	1526.5
10	HNRNPC	11548.25
10	ISCU	619.75
10	MRPS33	546.5
10	PABPC4	4886.0
10	PCBP1	13489.75
10	PLCL1	281.5
10	TGIF1	536.0
11	CXCR6	211.25
11	MYC	7961.5
11	SLC39A10	2665.0
11	TBL1XR1	9895.75
12	DUSP16	5347.0
13	CNDP2	2569.0
13	EIF4G2	28704.0
13	EPB41L2	639.0
13	MDC1	2179.75
13	PABPC1	43780.75
13	TUBB	23160.5
13	YWHAZ	10769.25
14	AP3M2	2043.25
14	M6PR	5677.75
14	TXNIP	11837.75
15	HIPK1	3918.75
16	DGKA	28417.0
16	IL7R	9067.5
16	MCM3	1838.75
16	TRA2B	3938.75
17	IPCEF1	1450.25
17	MCL1	5294.75
20	DDX6	10221.5
45	ATF7IP	4225.25
